"cluster","month","tod","dotw","ave_occupancy","dotw_string"
"1",1,"Afternoon",2,0.166617569788126,"Monday"
"1",1,"Afternoon",3,0.245000531491101,"Tuesday"
"1",1,"Afternoon",4,0.288604797979798,"Wednesday"
"1",1,"Afternoon",5,0.233381523168328,"Thursday"
"1",1,"Afternoon",6,0.255326351349169,"Friday"
"1",1,"Afternoon",7,0.225599532784635,"Saturday"
"1",1,"Midday",2,0.2261673718675,"Monday"
"1",1,"Midday",3,0.372800056342256,"Tuesday"
"1",1,"Midday",4,0.385176767676768,"Wednesday"
"1",1,"Midday",5,0.325151241051976,"Thursday"
"1",1,"Midday",6,0.331441822953971,"Friday"
"1",1,"Midday",7,0.201501873256988,"Saturday"
"1",1,"Morning",2,0.127356379530293,"Monday"
"1",1,"Morning",3,0.22698921224177,"Tuesday"
"1",1,"Morning",4,0.239681598594642,"Wednesday"
"1",1,"Morning",5,0.214073371718033,"Thursday"
"1",1,"Morning",6,0.184652649762145,"Friday"
"1",1,"Morning",7,0.116729132913596,"Saturday"
"1",2,"Afternoon",2,0.311006726693667,"Monday"
"1",2,"Afternoon",3,0.284174501281079,"Tuesday"
"1",2,"Afternoon",4,0.318865664408943,"Wednesday"
"1",2,"Afternoon",5,0.33951441408123,"Thursday"
"1",2,"Afternoon",6,0.269546744504785,"Friday"
"1",2,"Afternoon",7,0.239594902313692,"Saturday"
"1",2,"Midday",2,0.408379263266571,"Monday"
"1",2,"Midday",3,0.387238406012383,"Tuesday"
"1",2,"Midday",4,0.425195775499484,"Wednesday"
"1",2,"Midday",5,0.44502893194709,"Thursday"
"1",2,"Midday",6,0.371905029853399,"Friday"
"1",2,"Midday",7,0.221808122403551,"Saturday"
"1",2,"Morning",2,0.267949948424693,"Monday"
"1",2,"Morning",3,0.258036600399932,"Tuesday"
"1",2,"Morning",4,0.269771059225183,"Wednesday"
"1",2,"Morning",5,0.276601817241203,"Thursday"
"1",2,"Morning",6,0.26132693899238,"Friday"
"1",2,"Morning",7,0.143107234659345,"Saturday"
"1",3,"Afternoon",2,0.19372611095657,"Monday"
"1",3,"Afternoon",3,0.194156681181138,"Tuesday"
"1",3,"Afternoon",4,0.237814376187538,"Wednesday"
"1",3,"Afternoon",5,0.231262223474699,"Thursday"
"1",3,"Afternoon",6,0.253683483769002,"Friday"
"1",3,"Afternoon",7,0.232569111408625,"Saturday"
"1",3,"Midday",2,0.256942301239776,"Monday"
"1",3,"Midday",3,0.299874757595346,"Tuesday"
"1",3,"Midday",4,0.322587506950518,"Wednesday"
"1",3,"Midday",5,0.297462218857679,"Thursday"
"1",3,"Midday",6,0.325611357951511,"Friday"
"1",3,"Midday",7,0.159237008373837,"Saturday"
"1",3,"Morning",2,0.158976154416532,"Monday"
"1",3,"Morning",3,0.177856996507092,"Tuesday"
"1",3,"Morning",4,0.186486917724929,"Wednesday"
"1",3,"Morning",5,0.195528417779057,"Thursday"
"1",3,"Morning",6,0.19760703301624,"Friday"
"1",3,"Morning",7,0.106416689425001,"Saturday"
"1",4,"Afternoon",2,0.236586375492226,"Monday"
"1",4,"Afternoon",3,0.30442422968478,"Tuesday"
"1",4,"Afternoon",4,0.341294488604071,"Wednesday"
"1",4,"Afternoon",5,0.310419035244203,"Thursday"
"1",4,"Afternoon",6,0.269313479261929,"Friday"
"1",4,"Afternoon",7,0.222722124711215,"Saturday"
"1",4,"Midday",2,0.321735961182892,"Monday"
"1",4,"Midday",3,0.411169329391836,"Tuesday"
"1",4,"Midday",4,0.401981858839276,"Wednesday"
"1",4,"Midday",5,0.396057931571838,"Thursday"
"1",4,"Midday",6,0.401802817635618,"Friday"
"1",4,"Midday",7,0.238570491327844,"Saturday"
"1",4,"Morning",2,0.213385326901951,"Monday"
"1",4,"Morning",3,0.251355896992086,"Tuesday"
"1",4,"Morning",4,0.226182704911126,"Wednesday"
"1",4,"Morning",5,0.233910124491167,"Thursday"
"1",4,"Morning",6,0.239712554158686,"Friday"
"1",4,"Morning",7,0.127693806442208,"Saturday"
"1",5,"Afternoon",2,0.154675969943313,"Monday"
"1",5,"Afternoon",3,0.206493110048697,"Tuesday"
"1",5,"Afternoon",4,0.231338261056931,"Wednesday"
"1",5,"Afternoon",5,0.22189657032368,"Thursday"
"1",5,"Afternoon",6,0.39586727273508,"Friday"
"1",5,"Afternoon",7,0.266854965531236,"Saturday"
"1",5,"Midday",2,0.223954289115734,"Monday"
"1",5,"Midday",3,0.311173481250208,"Tuesday"
"1",5,"Midday",4,0.297133484707014,"Wednesday"
"1",5,"Midday",5,0.313698041799065,"Thursday"
"1",5,"Midday",6,0.385312640968012,"Friday"
"1",5,"Midday",7,0.273457522070853,"Saturday"
"1",5,"Morning",2,0.131574383896155,"Monday"
"1",5,"Morning",3,0.188322148096764,"Tuesday"
"1",5,"Morning",4,0.193203956813292,"Wednesday"
"1",5,"Morning",5,0.20459439561102,"Thursday"
"1",5,"Morning",6,0.194832418694311,"Friday"
"1",5,"Morning",7,0.140249528137156,"Saturday"
"1",6,"Afternoon",2,0.307272623675877,"Monday"
"1",6,"Afternoon",3,0.272918151421788,"Tuesday"
"1",6,"Afternoon",4,0.19621814229391,"Wednesday"
"1",6,"Afternoon",5,0.251054793148383,"Thursday"
"1",6,"Afternoon",6,0.239624268061968,"Friday"
"1",6,"Afternoon",7,0.238863260034935,"Saturday"
"1",6,"Midday",2,0.33812565060567,"Monday"
"1",6,"Midday",3,0.380070766503791,"Tuesday"
"1",6,"Midday",4,0.242951929133195,"Wednesday"
"1",6,"Midday",5,0.331867826393082,"Thursday"
"1",6,"Midday",6,0.34729709022388,"Friday"
"1",6,"Midday",7,0.274969871229462,"Saturday"
"1",6,"Morning",2,0.236088444300561,"Monday"
"1",6,"Morning",3,0.33258542484086,"Tuesday"
"1",6,"Morning",4,0.149272926354928,"Wednesday"
"1",6,"Morning",5,0.202972674999529,"Thursday"
"1",6,"Morning",6,0.194384325150789,"Friday"
"1",6,"Morning",7,0.229925378684969,"Saturday"
"1",7,"Afternoon",2,0.213335484404059,"Monday"
"1",7,"Afternoon",3,0.218814585616855,"Tuesday"
"1",7,"Afternoon",4,0.222369624727361,"Wednesday"
"1",7,"Afternoon",5,0.161293967315187,"Thursday"
"1",7,"Afternoon",6,0.20070288511485,"Friday"
"1",7,"Afternoon",7,0.175229586235021,"Saturday"
"1",7,"Midday",2,0.282480574980575,"Monday"
"1",7,"Midday",3,0.285110622658577,"Tuesday"
"1",7,"Midday",4,0.297806122550368,"Wednesday"
"1",7,"Midday",5,0.20816060833644,"Thursday"
"1",7,"Midday",6,0.332431250134255,"Friday"
"1",7,"Midday",7,0.197123796268617,"Saturday"
"1",7,"Morning",2,0.177725081823547,"Monday"
"1",7,"Morning",3,0.181263854905159,"Tuesday"
"1",7,"Morning",4,0.162288667688284,"Wednesday"
"1",7,"Morning",5,0.134974215037354,"Thursday"
"1",7,"Morning",6,0.148019563556648,"Friday"
"1",7,"Morning",7,0.111026209451721,"Saturday"
"1",8,"Afternoon",2,0.240882015891007,"Monday"
"1",8,"Afternoon",3,0.235161751212343,"Tuesday"
"1",8,"Afternoon",4,0.257161938391958,"Wednesday"
"1",8,"Afternoon",5,0.235397465386276,"Thursday"
"1",8,"Afternoon",6,0.213485402065965,"Friday"
"1",8,"Afternoon",7,0.179288514483527,"Saturday"
"1",8,"Midday",2,0.340766434504446,"Monday"
"1",8,"Midday",3,0.342025098906493,"Tuesday"
"1",8,"Midday",4,0.373258547511265,"Wednesday"
"1",8,"Midday",5,0.359430083627654,"Thursday"
"1",8,"Midday",6,0.324476373773049,"Friday"
"1",8,"Midday",7,0.192295035053986,"Saturday"
"1",8,"Morning",2,0.20418551134264,"Monday"
"1",8,"Morning",3,0.203012213614036,"Tuesday"
"1",8,"Morning",4,0.189406859391674,"Wednesday"
"1",8,"Morning",5,0.217189791595162,"Thursday"
"1",8,"Morning",6,0.16674126172208,"Friday"
"1",8,"Morning",7,0.143487095101545,"Saturday"
"1",9,"Afternoon",2,0.254631490188555,"Monday"
"1",9,"Afternoon",3,0.334586394463912,"Tuesday"
"1",9,"Afternoon",4,0.346880778002901,"Wednesday"
"1",9,"Afternoon",5,0.364600438124855,"Thursday"
"1",9,"Afternoon",6,0.257350751359503,"Friday"
"1",9,"Afternoon",7,0.25774791498197,"Saturday"
"1",9,"Midday",2,0.385697410716592,"Monday"
"1",9,"Midday",3,0.53049257934568,"Tuesday"
"1",9,"Midday",4,0.53842429209277,"Wednesday"
"1",9,"Midday",5,0.540745040605175,"Thursday"
"1",9,"Midday",6,0.422998871244555,"Friday"
"1",9,"Midday",7,0.251607864819182,"Saturday"
"1",9,"Morning",2,0.252688345210724,"Monday"
"1",9,"Morning",3,0.383023849551983,"Tuesday"
"1",9,"Morning",4,0.345924922471438,"Wednesday"
"1",9,"Morning",5,0.372849539189853,"Thursday"
"1",9,"Morning",6,0.272927667464912,"Friday"
"1",9,"Morning",7,0.177911148539345,"Saturday"
"1",10,"Afternoon",2,0.289637251158191,"Monday"
"1",10,"Afternoon",3,0.314356919810085,"Tuesday"
"1",10,"Afternoon",4,0.317627646579053,"Wednesday"
"1",10,"Afternoon",5,0.297612946693829,"Thursday"
"1",10,"Afternoon",6,0.241933250572956,"Friday"
"1",10,"Afternoon",7,0.188899954744744,"Saturday"
"1",10,"Midday",2,0.395972015013735,"Monday"
"1",10,"Midday",3,0.454323337811189,"Tuesday"
"1",10,"Midday",4,0.429345179898249,"Wednesday"
"1",10,"Midday",5,0.469925512585359,"Thursday"
"1",10,"Midday",6,0.367751908624671,"Friday"
"1",10,"Midday",7,0.202169813083336,"Saturday"
"1",10,"Morning",2,0.23420461131059,"Monday"
"1",10,"Morning",3,0.303531006385866,"Tuesday"
"1",10,"Morning",4,0.26372445069376,"Wednesday"
"1",10,"Morning",5,0.329865804248797,"Thursday"
"1",10,"Morning",6,0.232425988895778,"Friday"
"1",10,"Morning",7,0.126086133838691,"Saturday"
"1",11,"Afternoon",2,0.217690157420017,"Monday"
"1",11,"Afternoon",3,0.313507008740585,"Tuesday"
"1",11,"Afternoon",4,0.266594171493468,"Wednesday"
"1",11,"Afternoon",5,0.253008329896517,"Thursday"
"1",11,"Afternoon",6,0.251447978705012,"Friday"
"1",11,"Afternoon",7,0.218999340386808,"Saturday"
"1",11,"Midday",2,0.314550087711852,"Monday"
"1",11,"Midday",3,0.437009867352738,"Tuesday"
"1",11,"Midday",4,0.377177726602279,"Wednesday"
"1",11,"Midday",5,0.359613634713539,"Thursday"
"1",11,"Midday",6,0.329201629927333,"Friday"
"1",11,"Midday",7,0.215974940447447,"Saturday"
"1",11,"Morning",2,0.212373756595304,"Monday"
"1",11,"Morning",3,0.305020788212924,"Tuesday"
"1",11,"Morning",4,0.250550630605778,"Wednesday"
"1",11,"Morning",5,0.22914796792674,"Thursday"
"1",11,"Morning",6,0.200030960443365,"Friday"
"1",11,"Morning",7,0.138046399938983,"Saturday"
"1",12,"Afternoon",2,0.257396760581703,"Monday"
"1",12,"Afternoon",3,0.272353837640762,"Tuesday"
"1",12,"Afternoon",4,0.135098008209821,"Wednesday"
"1",12,"Afternoon",5,0.270633314673037,"Thursday"
"1",12,"Afternoon",6,0.307468684319907,"Friday"
"1",12,"Afternoon",7,0.293581658887965,"Saturday"
"1",12,"Midday",2,0.322466321804557,"Monday"
"1",12,"Midday",3,0.400829119374516,"Tuesday"
"1",12,"Midday",4,0.25053902654606,"Wednesday"
"1",12,"Midday",5,0.324095106312178,"Thursday"
"1",12,"Midday",6,0.351923509851899,"Friday"
"1",12,"Midday",7,0.270003493209216,"Saturday"
"1",12,"Morning",2,0.180229966822038,"Monday"
"1",12,"Morning",3,0.230612183236864,"Tuesday"
"1",12,"Morning",4,0.149374082362414,"Wednesday"
"1",12,"Morning",5,0.197217113129837,"Thursday"
"1",12,"Morning",6,0.23786570183629,"Friday"
"1",12,"Morning",7,0.137841890159665,"Saturday"
"2",1,"Afternoon",2,0.0229580026455027,"Monday"
"2",1,"Afternoon",3,0.0383267195767196,"Tuesday"
"2",1,"Afternoon",4,0.0477678571428572,"Wednesday"
"2",1,"Afternoon",5,0.0541087962962963,"Thursday"
"2",1,"Afternoon",6,0.0453042328042328,"Friday"
"2",1,"Afternoon",7,0.189422123015873,"Saturday"
"2",1,"Midday",2,0.0287477954144621,"Monday"
"2",1,"Midday",3,0.0854387125220459,"Tuesday"
"2",1,"Midday",4,0.0740189594356261,"Wednesday"
"2",1,"Midday",5,0.0769262566137567,"Thursday"
"2",1,"Midday",6,0.0745838844797179,"Friday"
"2",1,"Midday",7,0.127287257495591,"Saturday"
"2",1,"Morning",2,0.0257936507936508,"Monday"
"2",1,"Morning",3,0.048423721340388,"Tuesday"
"2",1,"Morning",4,0.0431216931216931,"Wednesday"
"2",1,"Morning",5,0.0653246252204586,"Thursday"
"2",1,"Morning",6,0.0484595458553792,"Friday"
"2",1,"Morning",7,0.076099537037037,"Saturday"
"2",2,"Afternoon",2,0.0561239252645503,"Monday"
"2",2,"Afternoon",3,0.0986793154761905,"Tuesday"
"2",2,"Afternoon",4,0.0913421792328043,"Wednesday"
"2",2,"Afternoon",5,0.147561177248677,"Thursday"
"2",2,"Afternoon",6,0.194506448412698,"Friday"
"2",2,"Afternoon",7,0.414310515873016,"Saturday"
"2",2,"Midday",2,0.0463514109347443,"Monday"
"2",2,"Midday",3,0.0528962742504409,"Tuesday"
"2",2,"Midday",4,0.141024581128748,"Wednesday"
"2",2,"Midday",5,0.157727072310406,"Thursday"
"2",2,"Midday",6,0.227306547619048,"Friday"
"2",2,"Midday",7,0.40162037037037,"Saturday"
"2",2,"Morning",2,0.0404128086419753,"Monday"
"2",2,"Morning",3,0.0471919091710759,"Tuesday"
"2",2,"Morning",4,0.127011684303351,"Wednesday"
"2",2,"Morning",5,0.104839065255732,"Thursday"
"2",2,"Morning",6,0.0896301807760141,"Friday"
"2",2,"Morning",7,0.193755511463845,"Saturday"
"2",3,"Afternoon",2,0.0458829365079365,"Monday"
"2",3,"Afternoon",3,0.0641017691798942,"Tuesday"
"2",3,"Afternoon",4,0.201450892857143,"Wednesday"
"2",3,"Afternoon",5,0.0874669312169312,"Thursday"
"2",3,"Afternoon",6,0.109160052910053,"Friday"
"2",3,"Afternoon",7,0.349743716931217,"Saturday"
"2",3,"Midday",2,0.0618248456790124,"Monday"
"2",3,"Midday",3,0.0750110229276896,"Tuesday"
"2",3,"Midday",4,0.112406305114638,"Wednesday"
"2",3,"Midday",5,0.106495260141094,"Thursday"
"2",3,"Midday",6,0.170866402116402,"Friday"
"2",3,"Midday",7,0.324801587301587,"Saturday"
"2",3,"Morning",2,0.0399029982363316,"Monday"
"2",3,"Morning",3,0.0302028218694886,"Tuesday"
"2",3,"Morning",4,0.0690861992945327,"Wednesday"
"2",3,"Morning",5,0.052703373015873,"Thursday"
"2",3,"Morning",6,0.11629188712522,"Friday"
"2",3,"Morning",7,0.135493827160494,"Saturday"
"2",4,"Afternoon",2,0.0536541005291006,"Monday"
"2",4,"Afternoon",3,0.203959986772487,"Tuesday"
"2",4,"Afternoon",4,0.319341104497355,"Wednesday"
"2",4,"Afternoon",5,0.189535796957672,"Thursday"
"2",4,"Afternoon",6,0.3359375,"Friday"
"2",4,"Afternoon",7,0.590556795634921,"Saturday"
"2",4,"Midday",2,0.0595789241622575,"Monday"
"2",4,"Midday",3,0.13343253968254,"Tuesday"
"2",4,"Midday",4,0.484016754850088,"Wednesday"
"2",4,"Midday",5,0.224151234567901,"Thursday"
"2",4,"Midday",6,0.145433752204586,"Friday"
"2",4,"Midday",7,0.549286265432099,"Saturday"
"2",4,"Morning",2,0.0442570546737214,"Monday"
"2",4,"Morning",3,0.0623236331569665,"Tuesday"
"2",4,"Morning",4,0.21522266313933,"Wednesday"
"2",4,"Morning",5,0.090002204585538,"Thursday"
"2",4,"Morning",6,0.0669091710758378,"Friday"
"2",4,"Morning",7,0.176146384479718,"Saturday"
"2",5,"Afternoon",2,0.0498511904761905,"Monday"
"2",5,"Afternoon",3,0.159236524470899,"Tuesday"
"2",5,"Afternoon",4,0.309474206349206,"Wednesday"
"2",5,"Afternoon",5,0.186309523809524,"Thursday"
"2",5,"Afternoon",6,0.313682208994709,"Friday"
"2",5,"Afternoon",7,0.266947751322751,"Saturday"
"2",5,"Midday",2,0.0634231701940036,"Monday"
"2",5,"Midday",3,0.156401565255732,"Tuesday"
"2",5,"Midday",4,0.551664462081129,"Wednesday"
"2",5,"Midday",5,0.148192239858907,"Thursday"
"2",5,"Midday",6,0.13478835978836,"Friday"
"2",5,"Midday",7,0.234085648148148,"Saturday"
"2",5,"Morning",2,0.0318838183421517,"Monday"
"2",5,"Morning",3,0.105530753968254,"Tuesday"
"2",5,"Morning",4,0.300352733686067,"Wednesday"
"2",5,"Morning",5,0.0994929453262787,"Thursday"
"2",5,"Morning",6,0.0896384479717813,"Friday"
"2",5,"Morning",7,0.122120260141093,"Saturday"
"2",6,"Afternoon",2,0.052889384920635,"Monday"
"2",6,"Afternoon",3,0.101851851851852,"Tuesday"
"2",6,"Afternoon",4,0.0947627314814815,"Wednesday"
"2",6,"Afternoon",5,0.257874503968254,"Thursday"
"2",6,"Afternoon",6,0.261171048280423,"Friday"
"2",6,"Afternoon",7,0.331059854497355,"Saturday"
"2",6,"Midday",2,0.115782076719577,"Monday"
"2",6,"Midday",3,0.128017526455027,"Tuesday"
"2",6,"Midday",4,0.0931712962962963,"Wednesday"
"2",6,"Midday",5,0.224716159611993,"Thursday"
"2",6,"Midday",6,0.211681547619048,"Friday"
"2",6,"Midday",7,0.294764109347443,"Saturday"
"2",6,"Morning",2,0.160934744268078,"Monday"
"2",6,"Morning",3,0.0613425925925926,"Tuesday"
"2",6,"Morning",4,0.0465580908289242,"Wednesday"
"2",6,"Morning",5,0.078249007936508,"Thursday"
"2",6,"Morning",6,0.105751212522046,"Friday"
"2",6,"Morning",7,0.228328924162258,"Saturday"
"2",7,"Afternoon",2,0.0612516534391535,"Monday"
"2",7,"Afternoon",3,0.103885582010582,"Tuesday"
"2",7,"Afternoon",4,0.145973875661376,"Wednesday"
"2",7,"Afternoon",5,0.105995783730159,"Thursday"
"2",7,"Afternoon",6,0.380714699074074,"Friday"
"2",7,"Afternoon",7,0.352244543650794,"Saturday"
"2",7,"Midday",2,0.0809634038800706,"Monday"
"2",7,"Midday",3,0.08288139329806,"Tuesday"
"2",7,"Midday",4,0.161276455026455,"Wednesday"
"2",7,"Midday",5,0.143821649029982,"Thursday"
"2",7,"Midday",6,0.361331569664903,"Friday"
"2",7,"Midday",7,0.435198963844797,"Saturday"
"2",7,"Morning",2,0.0515873015873016,"Monday"
"2",7,"Morning",3,0.0656966490299824,"Tuesday"
"2",7,"Morning",4,0.0964616402116403,"Wednesday"
"2",7,"Morning",5,0.117986662257496,"Thursday"
"2",7,"Morning",6,0.259741512345679,"Friday"
"2",7,"Morning",7,0.210689484126984,"Saturday"
"2",8,"Afternoon",2,0.0395481977513228,"Monday"
"2",8,"Afternoon",3,0.102554563492064,"Tuesday"
"2",8,"Afternoon",4,0.188264715608466,"Wednesday"
"2",8,"Afternoon",5,0.166625330687831,"Thursday"
"2",8,"Afternoon",6,0.182407407407407,"Friday"
"2",8,"Afternoon",7,0.353728505291005,"Saturday"
"2",8,"Midday",2,0.0695546737213404,"Monday"
"2",8,"Midday",3,0.116939484126984,"Tuesday"
"2",8,"Midday",4,0.322324184303351,"Wednesday"
"2",8,"Midday",5,0.138756613756614,"Thursday"
"2",8,"Midday",6,0.099647266313933,"Friday"
"2",8,"Midday",7,0.253957231040564,"Saturday"
"2",8,"Morning",2,0.0470541225749559,"Monday"
"2",8,"Morning",3,0.0730957892416226,"Tuesday"
"2",8,"Morning",4,0.116016313932981,"Wednesday"
"2",8,"Morning",5,0.0987103174603175,"Thursday"
"2",8,"Morning",6,0.0611000881834215,"Friday"
"2",8,"Morning",7,0.169157848324515,"Saturday"
"2",9,"Afternoon",2,0.0404017857142857,"Monday"
"2",9,"Afternoon",3,0.105427414021164,"Tuesday"
"2",9,"Afternoon",4,0.174055472883598,"Wednesday"
"2",9,"Afternoon",5,0.145182291666667,"Thursday"
"2",9,"Afternoon",6,0.168630125661376,"Friday"
"2",9,"Afternoon",7,0.38651207010582,"Saturday"
"2",9,"Midday",2,0.0482473544973545,"Monday"
"2",9,"Midday",3,0.11013282627866,"Tuesday"
"2",9,"Midday",4,0.355255180776014,"Wednesday"
"2",9,"Midday",5,0.0896852954144621,"Thursday"
"2",9,"Midday",6,0.147321428571429,"Friday"
"2",9,"Midday",7,0.326099537037037,"Saturday"
"2",9,"Morning",2,0.0405092592592593,"Monday"
"2",9,"Morning",3,0.0599371693121693,"Tuesday"
"2",9,"Morning",4,0.181781856261023,"Wednesday"
"2",9,"Morning",5,0.0503747795414462,"Thursday"
"2",9,"Morning",6,0.0881558641975309,"Friday"
"2",9,"Morning",7,0.0976080246913581,"Saturday"
"2",10,"Afternoon",2,0.0322110615079365,"Monday"
"2",10,"Afternoon",3,0.0607142857142857,"Tuesday"
"2",10,"Afternoon",4,0.147709986772487,"Wednesday"
"2",10,"Afternoon",5,0.0835896164021164,"Thursday"
"2",10,"Afternoon",6,0.261677414021164,"Friday"
"2",10,"Afternoon",7,0.407500413359788,"Saturday"
"2",10,"Midday",2,0.0305886243386244,"Monday"
"2",10,"Midday",3,0.103119488536155,"Tuesday"
"2",10,"Midday",4,0.156558641975309,"Wednesday"
"2",10,"Midday",5,0.105268959435626,"Thursday"
"2",10,"Midday",6,0.189070767195767,"Friday"
"2",10,"Midday",7,0.481357473544974,"Saturday"
"2",10,"Morning",2,0.0290316358024692,"Monday"
"2",10,"Morning",3,0.0532958553791888,"Tuesday"
"2",10,"Morning",4,0.0739638447971782,"Wednesday"
"2",10,"Morning",5,0.06875,"Thursday"
"2",10,"Morning",6,0.100570436507937,"Friday"
"2",10,"Morning",7,0.189842372134039,"Saturday"
"2",11,"Afternoon",2,0.0398582175925926,"Monday"
"2",11,"Afternoon",3,0.0721106150793651,"Tuesday"
"2",11,"Afternoon",4,0.0894097222222223,"Wednesday"
"2",11,"Afternoon",5,0.0789310515873016,"Thursday"
"2",11,"Afternoon",6,0.175603505291005,"Friday"
"2",11,"Afternoon",7,0.503290343915344,"Saturday"
"2",11,"Midday",2,0.0471643518518519,"Monday"
"2",11,"Midday",3,0.0976080246913581,"Tuesday"
"2",11,"Midday",4,0.0908702601410935,"Wednesday"
"2",11,"Midday",5,0.0770916005291006,"Thursday"
"2",11,"Midday",6,0.209611992945326,"Friday"
"2",11,"Midday",7,0.401785714285714,"Saturday"
"2",11,"Morning",2,0.0304095017636684,"Monday"
"2",11,"Morning",3,0.0536265432098766,"Tuesday"
"2",11,"Morning",4,0.0515321869488536,"Wednesday"
"2",11,"Morning",5,0.0414462081128748,"Thursday"
"2",11,"Morning",6,0.132627865961199,"Friday"
"2",11,"Morning",7,0.135637125220459,"Saturday"
"2",12,"Afternoon",2,0.152645502645503,"Monday"
"2",12,"Afternoon",3,0.11379794973545,"Tuesday"
"2",12,"Afternoon",4,0.114417989417989,"Wednesday"
"2",12,"Afternoon",5,0.129660631613757,"Thursday"
"2",12,"Afternoon",6,0.255735367063492,"Friday"
"2",12,"Afternoon",7,0.417503720238095,"Saturday"
"2",12,"Midday",2,0.0981701940035274,"Monday"
"2",12,"Midday",3,0.164969135802469,"Tuesday"
"2",12,"Midday",4,0.154927248677249,"Wednesday"
"2",12,"Midday",5,0.0964919532627867,"Thursday"
"2",12,"Midday",6,0.114872685185185,"Friday"
"2",12,"Midday",7,0.356770833333333,"Saturday"
"2",12,"Morning",2,0.0492724867724868,"Monday"
"2",12,"Morning",3,0.112070105820106,"Tuesday"
"2",12,"Morning",4,0.125523589065256,"Wednesday"
"2",12,"Morning",5,0.0520557760141094,"Thursday"
"2",12,"Morning",6,0.0525931437389771,"Friday"
"2",12,"Morning",7,0.171723434744268,"Saturday"
"3",1,"Afternoon",2,0.102075038172422,"Monday"
"3",1,"Afternoon",3,0.205982426004228,"Tuesday"
"3",1,"Afternoon",4,0.201582404191416,"Wednesday"
"3",1,"Afternoon",5,0.180693104739253,"Thursday"
"3",1,"Afternoon",6,0.177229350712272,"Friday"
"3",1,"Afternoon",7,0.0276260843484681,"Saturday"
"3",1,"Midday",2,0.199664264460776,"Monday"
"3",1,"Midday",3,0.33739945132387,"Tuesday"
"3",1,"Midday",4,0.35867350134792,"Wednesday"
"3",1,"Midday",5,0.333880069381523,"Thursday"
"3",1,"Midday",6,0.317351166006689,"Friday"
"3",1,"Midday",7,0.0708089512231954,"Saturday"
"3",1,"Morning",2,0.147697923308388,"Monday"
"3",1,"Morning",3,0.275888424667494,"Tuesday"
"3",1,"Morning",4,0.291262332628612,"Wednesday"
"3",1,"Morning",5,0.268726719017417,"Thursday"
"3",1,"Morning",6,0.273368076529414,"Friday"
"3",1,"Morning",7,0.0901423740449903,"Saturday"
"3",2,"Afternoon",2,0.173660924024296,"Monday"
"3",2,"Afternoon",3,0.212025466458606,"Tuesday"
"3",2,"Afternoon",4,0.273234617248062,"Wednesday"
"3",2,"Afternoon",5,0.205738091043324,"Thursday"
"3",2,"Afternoon",6,0.192606701881775,"Friday"
"3",2,"Afternoon",7,0.0409765480804725,"Saturday"
"3",2,"Midday",2,0.324719492125015,"Monday"
"3",2,"Midday",3,0.366045333596206,"Tuesday"
"3",2,"Midday",4,0.355018729655358,"Wednesday"
"3",2,"Midday",5,0.347113200107386,"Thursday"
"3",2,"Midday",6,0.358576105741803,"Friday"
"3",2,"Midday",7,0.0928700767363558,"Saturday"
"3",2,"Morning",2,0.237238455988456,"Monday"
"3",2,"Morning",3,0.326416137426312,"Tuesday"
"3",2,"Morning",4,0.302135033893755,"Wednesday"
"3",2,"Morning",5,0.27456651229907,"Thursday"
"3",2,"Morning",6,0.307883286771368,"Friday"
"3",2,"Morning",7,0.111447042406345,"Saturday"
"3",3,"Afternoon",2,0.166233097692037,"Monday"
"3",3,"Afternoon",3,0.17128185929058,"Tuesday"
"3",3,"Afternoon",4,0.165292197305279,"Wednesday"
"3",3,"Afternoon",5,0.171423157551428,"Thursday"
"3",3,"Afternoon",6,0.175210357310648,"Friday"
"3",3,"Afternoon",7,0.0267368032484312,"Saturday"
"3",3,"Midday",2,0.302814814115686,"Monday"
"3",3,"Midday",3,0.261712029626274,"Tuesday"
"3",3,"Midday",4,0.241381264891439,"Wednesday"
"3",3,"Midday",5,0.250654489244605,"Thursday"
"3",3,"Midday",6,0.298811788986208,"Friday"
"3",3,"Midday",7,0.0901545493696657,"Saturday"
"3",3,"Morning",2,0.207643450703044,"Monday"
"3",3,"Morning",3,0.249636453124825,"Tuesday"
"3",3,"Morning",4,0.225985456726736,"Wednesday"
"3",3,"Morning",5,0.216529200504491,"Thursday"
"3",3,"Morning",6,0.243507584147119,"Friday"
"3",3,"Morning",7,0.0956467918386523,"Saturday"
"3",4,"Afternoon",2,0.188014069264069,"Monday"
"3",4,"Afternoon",3,0.213692657471727,"Tuesday"
"3",4,"Afternoon",4,0.228374523369073,"Wednesday"
"3",4,"Afternoon",5,0.19742943083241,"Thursday"
"3",4,"Afternoon",6,0.179528387068358,"Friday"
"3",4,"Afternoon",7,0.0403213247508306,"Saturday"
"3",4,"Midday",2,0.340839401769634,"Monday"
"3",4,"Midday",3,0.371130393078067,"Tuesday"
"3",4,"Midday",4,0.360356454215466,"Wednesday"
"3",4,"Midday",5,0.329031962062485,"Thursday"
"3",4,"Midday",6,0.350875903274159,"Friday"
"3",4,"Midday",7,0.0943290707462219,"Saturday"
"3",4,"Morning",2,0.2659210739734,"Monday"
"3",4,"Morning",3,0.343563486470463,"Tuesday"
"3",4,"Morning",4,0.305590774159088,"Wednesday"
"3",4,"Morning",5,0.297390100478763,"Thursday"
"3",4,"Morning",6,0.301032665385863,"Friday"
"3",4,"Morning",7,0.114409722222222,"Saturday"
"3",5,"Afternoon",2,0.136590350661935,"Monday"
"3",5,"Afternoon",3,0.209435758645424,"Tuesday"
"3",5,"Afternoon",4,0.197789030252693,"Wednesday"
"3",5,"Afternoon",5,0.193149350649351,"Thursday"
"3",5,"Afternoon",6,0.141453226198866,"Friday"
"3",5,"Afternoon",7,0.0378248719545958,"Saturday"
"3",5,"Midday",2,0.257433589773706,"Monday"
"3",5,"Midday",3,0.349858286631542,"Tuesday"
"3",5,"Midday",4,0.341573374945468,"Wednesday"
"3",5,"Midday",5,0.335511860017674,"Thursday"
"3",5,"Midday",6,0.278583131984295,"Friday"
"3",5,"Midday",7,0.0761167705571775,"Saturday"
"3",5,"Morning",2,0.207469455071199,"Monday"
"3",5,"Morning",3,0.302847690638388,"Tuesday"
"3",5,"Morning",4,0.326688032036869,"Wednesday"
"3",5,"Morning",5,0.287793592066848,"Thursday"
"3",5,"Morning",6,0.269445157555623,"Friday"
"3",5,"Morning",7,0.099443703368122,"Saturday"
"3",6,"Afternoon",2,0.157318932682305,"Monday"
"3",6,"Afternoon",3,0.192475471072855,"Tuesday"
"3",6,"Afternoon",4,0.127373559095943,"Wednesday"
"3",6,"Afternoon",5,0.18836194691936,"Thursday"
"3",6,"Afternoon",6,0.154808820660928,"Friday"
"3",6,"Afternoon",7,0.0256880054699822,"Saturday"
"3",6,"Midday",2,0.32470743215656,"Monday"
"3",6,"Midday",3,0.314320897932817,"Tuesday"
"3",6,"Midday",4,0.233089442319093,"Wednesday"
"3",6,"Midday",5,0.333513131732608,"Thursday"
"3",6,"Midday",6,0.295654758409119,"Friday"
"3",6,"Midday",7,0.0991710432117409,"Saturday"
"3",6,"Morning",2,0.282822619886573,"Monday"
"3",6,"Morning",3,0.268406098638657,"Tuesday"
"3",6,"Morning",4,0.23859065810374,"Wednesday"
"3",6,"Morning",5,0.276661671392776,"Thursday"
"3",6,"Morning",6,0.253869100053693,"Friday"
"3",6,"Morning",7,0.143051906104232,"Saturday"
"3",7,"Afternoon",2,0.179194876505923,"Monday"
"3",7,"Afternoon",3,0.194929873905165,"Tuesday"
"3",7,"Afternoon",4,0.183668359257022,"Wednesday"
"3",7,"Afternoon",5,0.13226354858804,"Thursday"
"3",7,"Afternoon",6,0.134766188672439,"Friday"
"3",7,"Afternoon",7,0.0174088790731233,"Saturday"
"3",7,"Midday",2,0.326098331040191,"Monday"
"3",7,"Midday",3,0.298329012718548,"Tuesday"
"3",7,"Midday",4,0.316840861550164,"Wednesday"
"3",7,"Midday",5,0.224463418794814,"Thursday"
"3",7,"Midday",6,0.260978818500621,"Friday"
"3",7,"Midday",7,0.0568212405058335,"Saturday"
"3",7,"Morning",2,0.278787403380427,"Monday"
"3",7,"Morning",3,0.276797823193172,"Tuesday"
"3",7,"Morning",4,0.287293421479468,"Wednesday"
"3",7,"Morning",5,0.196604612011589,"Thursday"
"3",7,"Morning",6,0.234885241534951,"Friday"
"3",7,"Morning",7,0.0848871990950479,"Saturday"
"3",8,"Afternoon",2,0.1799309409502,"Monday"
"3",8,"Afternoon",3,0.195539017668378,"Tuesday"
"3",8,"Afternoon",4,0.186593064154837,"Wednesday"
"3",8,"Afternoon",5,0.190243380650357,"Thursday"
"3",8,"Afternoon",6,0.138899679938924,"Friday"
"3",8,"Afternoon",7,0.0174803370079533,"Saturday"
"3",8,"Midday",2,0.319309687405618,"Monday"
"3",8,"Midday",3,0.322560198468629,"Tuesday"
"3",8,"Midday",4,0.315311056299428,"Wednesday"
"3",8,"Midday",5,0.385509455015269,"Thursday"
"3",8,"Midday",6,0.288322454892222,"Friday"
"3",8,"Midday",7,0.0542946771144446,"Saturday"
"3",8,"Morning",2,0.279749425316286,"Monday"
"3",8,"Morning",3,0.295915148858463,"Tuesday"
"3",8,"Morning",4,0.316590671387183,"Wednesday"
"3",8,"Morning",5,0.274575922570109,"Thursday"
"3",8,"Morning",6,0.261758644026086,"Friday"
"3",8,"Morning",7,0.0682246188350839,"Saturday"
"3",9,"Afternoon",2,0.152432715862948,"Monday"
"3",9,"Afternoon",3,0.199664287182456,"Tuesday"
"3",9,"Afternoon",4,0.215925712691701,"Wednesday"
"3",9,"Afternoon",5,0.210912737738683,"Thursday"
"3",9,"Afternoon",6,0.159743943274103,"Friday"
"3",9,"Afternoon",7,0.0331458794758213,"Saturday"
"3",9,"Midday",2,0.298499991610457,"Monday"
"3",9,"Midday",3,0.345885645631285,"Tuesday"
"3",9,"Midday",4,0.341371319787017,"Wednesday"
"3",9,"Midday",5,0.330506983595646,"Thursday"
"3",9,"Midday",6,0.32585765601754,"Friday"
"3",9,"Midday",7,0.0508937834882602,"Saturday"
"3",9,"Morning",2,0.215378969652225,"Monday"
"3",9,"Morning",3,0.366991691555645,"Tuesday"
"3",9,"Morning",4,0.302684811151381,"Wednesday"
"3",9,"Morning",5,0.28362493987494,"Thursday"
"3",9,"Morning",6,0.272008183999463,"Friday"
"3",9,"Morning",7,0.0712929579572021,"Saturday"
"3",10,"Afternoon",2,0.16119334174385,"Monday"
"3",10,"Afternoon",3,0.20864991274875,"Tuesday"
"3",10,"Afternoon",4,0.189603426289473,"Wednesday"
"3",10,"Afternoon",5,0.200111245343803,"Thursday"
"3",10,"Afternoon",6,0.143806432787174,"Friday"
"3",10,"Afternoon",7,0.0330313359928186,"Saturday"
"3",10,"Midday",2,0.296746342858261,"Monday"
"3",10,"Midday",3,0.349893816347305,"Tuesday"
"3",10,"Midday",4,0.327183196863429,"Wednesday"
"3",10,"Midday",5,0.309886783113527,"Thursday"
"3",10,"Midday",6,0.348495317935725,"Friday"
"3",10,"Midday",7,0.0574414374923096,"Saturday"
"3",10,"Morning",2,0.232631128561361,"Monday"
"3",10,"Morning",3,0.349712168752866,"Tuesday"
"3",10,"Morning",4,0.2780253392172,"Wednesday"
"3",10,"Morning",5,0.255591434835621,"Thursday"
"3",10,"Morning",6,0.262927429751558,"Friday"
"3",10,"Morning",7,0.0682495287873195,"Saturday"
"3",11,"Afternoon",2,0.14699480005621,"Monday"
"3",11,"Afternoon",3,0.197567229080674,"Tuesday"
"3",11,"Afternoon",4,0.189868590913286,"Wednesday"
"3",11,"Afternoon",5,0.121849477436323,"Thursday"
"3",11,"Afternoon",6,0.136391007248565,"Friday"
"3",11,"Afternoon",7,0.118992730460754,"Saturday"
"3",11,"Midday",2,0.258973088442565,"Monday"
"3",11,"Midday",3,0.339834023373268,"Tuesday"
"3",11,"Midday",4,0.296070617582245,"Wednesday"
"3",11,"Midday",5,0.229135835095137,"Thursday"
"3",11,"Midday",6,0.294407180889739,"Friday"
"3",11,"Midday",7,0.0677878312471336,"Saturday"
"3",11,"Morning",2,0.225286974814591,"Monday"
"3",11,"Morning",3,0.31001054285938,"Tuesday"
"3",11,"Morning",4,0.261359074549482,"Wednesday"
"3",11,"Morning",5,0.169964700996678,"Thursday"
"3",11,"Morning",6,0.214078520532009,"Friday"
"3",11,"Morning",7,0.0940590288264707,"Saturday"
"3",12,"Afternoon",2,0.150092064750495,"Monday"
"3",12,"Afternoon",3,0.131936621195342,"Tuesday"
"3",12,"Afternoon",4,0.15626873227709,"Wednesday"
"3",12,"Afternoon",5,0.170990034271284,"Thursday"
"3",12,"Afternoon",6,0.132833867118024,"Friday"
"3",12,"Afternoon",7,0.0545998292727944,"Saturday"
"3",12,"Midday",2,0.298182433414992,"Monday"
"3",12,"Midday",3,0.229656378290099,"Tuesday"
"3",12,"Midday",4,0.239948907681466,"Wednesday"
"3",12,"Midday",5,0.26243812711836,"Thursday"
"3",12,"Midday",6,0.26882381050259,"Friday"
"3",12,"Midday",7,0.0846519073626632,"Saturday"
"3",12,"Morning",2,0.24253248151504,"Monday"
"3",12,"Morning",3,0.20712139389465,"Tuesday"
"3",12,"Morning",4,0.194578624702171,"Wednesday"
"3",12,"Morning",5,0.244901080293522,"Thursday"
"3",12,"Morning",6,0.274437603471034,"Friday"
"3",12,"Morning",7,0.0802828604427442,"Saturday"
"4",1,"Afternoon",2,0.147410211316461,"Monday"
"4",1,"Afternoon",3,0.269558230231307,"Tuesday"
"4",1,"Afternoon",4,0.284234696927005,"Wednesday"
"4",1,"Afternoon",5,0.237919555738065,"Thursday"
"4",1,"Afternoon",6,0.314237136728122,"Friday"
"4",1,"Afternoon",7,0.264856220835788,"Saturday"
"4",1,"Midday",2,0.230546953046953,"Monday"
"4",1,"Midday",3,0.385924728761267,"Tuesday"
"4",1,"Midday",4,0.412276898671129,"Wednesday"
"4",1,"Midday",5,0.377961063598083,"Thursday"
"4",1,"Midday",6,0.466617319201454,"Friday"
"4",1,"Midday",7,0.404044488719969,"Saturday"
"4",1,"Morning",2,0.16528559759329,"Monday"
"4",1,"Morning",3,0.221406492368031,"Tuesday"
"4",1,"Morning",4,0.268727872910565,"Wednesday"
"4",1,"Morning",5,0.241468820976033,"Thursday"
"4",1,"Morning",6,0.297234685275551,"Friday"
"4",1,"Morning",7,0.227829224283551,"Saturday"
"4",2,"Afternoon",2,0.296181719589171,"Monday"
"4",2,"Afternoon",3,0.317841396717599,"Tuesday"
"4",2,"Afternoon",4,0.276498066236648,"Wednesday"
"4",2,"Afternoon",5,0.319403697264274,"Thursday"
"4",2,"Afternoon",6,0.33597768250713,"Friday"
"4",2,"Afternoon",7,0.265626095659149,"Saturday"
"4",2,"Midday",2,0.441442298353356,"Monday"
"4",2,"Midday",3,0.470912014000956,"Tuesday"
"4",2,"Midday",4,0.477283738341431,"Wednesday"
"4",2,"Midday",5,0.467715096513173,"Thursday"
"4",2,"Midday",6,0.489036973532166,"Friday"
"4",2,"Midday",7,0.481612431372047,"Saturday"
"4",2,"Morning",2,0.233608841301149,"Monday"
"4",2,"Morning",3,0.300404396618339,"Tuesday"
"4",2,"Morning",4,0.2873493426979,"Wednesday"
"4",2,"Morning",5,0.298521651069728,"Thursday"
"4",2,"Morning",6,0.338887187865553,"Friday"
"4",2,"Morning",7,0.25731827823174,"Saturday"
"4",3,"Afternoon",2,0.235720958061703,"Monday"
"4",3,"Afternoon",3,0.228511529202635,"Tuesday"
"4",3,"Afternoon",4,0.246770740610885,"Wednesday"
"4",3,"Afternoon",5,0.250306027439441,"Thursday"
"4",3,"Afternoon",6,0.295891442958751,"Friday"
"4",3,"Afternoon",7,0.288713754194523,"Saturday"
"4",3,"Midday",2,0.336843651807594,"Monday"
"4",3,"Midday",3,0.364414707443554,"Tuesday"
"4",3,"Midday",4,0.36348870591659,"Wednesday"
"4",3,"Midday",5,0.35615169419256,"Thursday"
"4",3,"Midday",6,0.500017201459509,"Friday"
"4",3,"Midday",7,0.4944494305552,"Saturday"
"4",3,"Morning",2,0.189256583427257,"Monday"
"4",3,"Morning",3,0.197892492123261,"Tuesday"
"4",3,"Morning",4,0.202272069098992,"Wednesday"
"4",3,"Morning",5,0.200455200515297,"Thursday"
"4",3,"Morning",6,0.297136206030437,"Friday"
"4",3,"Morning",7,0.223859157224542,"Saturday"
"4",4,"Afternoon",2,0.231894060800311,"Monday"
"4",4,"Afternoon",3,0.288234575253806,"Tuesday"
"4",4,"Afternoon",4,0.276683706251014,"Wednesday"
"4",4,"Afternoon",5,0.283582509904625,"Thursday"
"4",4,"Afternoon",6,0.327467222614458,"Friday"
"4",4,"Afternoon",7,0.267714128486364,"Saturday"
"4",4,"Midday",2,0.405950244556014,"Monday"
"4",4,"Midday",3,0.453798372211834,"Tuesday"
"4",4,"Midday",4,0.47953736745804,"Wednesday"
"4",4,"Midday",5,0.473883079171541,"Thursday"
"4",4,"Midday",6,0.495538942894712,"Friday"
"4",4,"Midday",7,0.543636173744347,"Saturday"
"4",4,"Morning",2,0.252249296287758,"Monday"
"4",4,"Morning",3,0.288981145279222,"Tuesday"
"4",4,"Morning",4,0.284847530941281,"Wednesday"
"4",4,"Morning",5,0.289716055401152,"Thursday"
"4",4,"Morning",6,0.32641979414816,"Friday"
"4",4,"Morning",7,0.254100297850298,"Saturday"
"4",5,"Afternoon",2,0.190475011433545,"Monday"
"4",5,"Afternoon",3,0.253692950012061,"Tuesday"
"4",5,"Afternoon",4,0.27657957827429,"Wednesday"
"4",5,"Afternoon",5,0.289654682923914,"Thursday"
"4",5,"Afternoon",6,0.316269517074805,"Friday"
"4",5,"Afternoon",7,0.243437928924708,"Saturday"
"4",5,"Midday",2,0.317971642851451,"Monday"
"4",5,"Midday",3,0.40924997812017,"Tuesday"
"4",5,"Midday",4,0.415273090513475,"Wednesday"
"4",5,"Midday",5,0.460852534217919,"Thursday"
"4",5,"Midday",6,0.489668588178204,"Friday"
"4",5,"Midday",7,0.484598287663191,"Saturday"
"4",5,"Morning",2,0.195889620529044,"Monday"
"4",5,"Morning",3,0.26230653916952,"Tuesday"
"4",5,"Morning",4,0.278439053823669,"Wednesday"
"4",5,"Morning",5,0.288463361780669,"Thursday"
"4",5,"Morning",6,0.308700347017655,"Friday"
"4",5,"Morning",7,0.237310566036528,"Saturday"
"4",6,"Afternoon",2,0.25291964479164,"Monday"
"4",6,"Afternoon",3,0.276666067306091,"Tuesday"
"4",6,"Afternoon",4,0.209831896535622,"Wednesday"
"4",6,"Afternoon",5,0.292977221763279,"Thursday"
"4",6,"Afternoon",6,0.296702069298223,"Friday"
"4",6,"Afternoon",7,0.22253858988234,"Saturday"
"4",6,"Midday",2,0.39714747725565,"Monday"
"4",6,"Midday",3,0.407581854577047,"Tuesday"
"4",6,"Midday",4,0.300670429997353,"Wednesday"
"4",6,"Midday",5,0.406318859203475,"Thursday"
"4",6,"Midday",6,0.460443665131165,"Friday"
"4",6,"Midday",7,0.440486952506183,"Saturday"
"4",6,"Morning",2,0.24873191489778,"Monday"
"4",6,"Morning",3,0.263835805843017,"Tuesday"
"4",6,"Morning",4,0.193905707006669,"Wednesday"
"4",6,"Morning",5,0.253449839868109,"Thursday"
"4",6,"Morning",6,0.313801691986788,"Friday"
"4",6,"Morning",7,0.249685147473609,"Saturday"
"4",7,"Afternoon",2,0.261019287870249,"Monday"
"4",7,"Afternoon",3,0.256423577757712,"Tuesday"
"4",7,"Afternoon",4,0.28877130748525,"Wednesday"
"4",7,"Afternoon",5,0.203814229640552,"Thursday"
"4",7,"Afternoon",6,0.300612300026362,"Friday"
"4",7,"Afternoon",7,0.229160221122361,"Saturday"
"4",7,"Midday",2,0.355188383553768,"Monday"
"4",7,"Midday",3,0.356046519363827,"Tuesday"
"4",7,"Midday",4,0.409914761164761,"Wednesday"
"4",7,"Midday",5,0.305171333296333,"Thursday"
"4",7,"Midday",6,0.421718661502315,"Friday"
"4",7,"Midday",7,0.407969672332653,"Saturday"
"4",7,"Morning",2,0.265009790779022,"Monday"
"4",7,"Morning",3,0.25598063973064,"Tuesday"
"4",7,"Morning",4,0.26448717059294,"Wednesday"
"4",7,"Morning",5,0.183910969728277,"Thursday"
"4",7,"Morning",6,0.264717927638601,"Friday"
"4",7,"Morning",7,0.225038343067189,"Saturday"
"4",8,"Afternoon",2,0.261446314436098,"Monday"
"4",8,"Afternoon",3,0.238277254262831,"Tuesday"
"4",8,"Afternoon",4,0.292014159051419,"Wednesday"
"4",8,"Afternoon",5,0.293965816501874,"Thursday"
"4",8,"Afternoon",6,0.293882549074857,"Friday"
"4",8,"Afternoon",7,0.226991871643314,"Saturday"
"4",8,"Midday",2,0.391180038355519,"Monday"
"4",8,"Midday",3,0.414247695858273,"Tuesday"
"4",8,"Midday",4,0.43103458818603,"Wednesday"
"4",8,"Midday",5,0.407171694046694,"Thursday"
"4",8,"Midday",6,0.450825992027915,"Friday"
"4",8,"Midday",7,0.452131983045445,"Saturday"
"4",8,"Morning",2,0.301733638512485,"Monday"
"4",8,"Morning",3,0.300068281077896,"Tuesday"
"4",8,"Morning",4,0.296090790441752,"Wednesday"
"4",8,"Morning",5,0.252503901013516,"Thursday"
"4",8,"Morning",6,0.335913897356205,"Friday"
"4",8,"Morning",7,0.236583722545261,"Saturday"
"4",9,"Afternoon",2,0.235243777323104,"Monday"
"4",9,"Afternoon",3,0.288624082914948,"Tuesday"
"4",9,"Afternoon",4,0.313891317016317,"Wednesday"
"4",9,"Afternoon",5,0.278398251054501,"Thursday"
"4",9,"Afternoon",6,0.316449449322045,"Friday"
"4",9,"Afternoon",7,0.261187645487525,"Saturday"
"4",9,"Midday",2,0.336725895187434,"Monday"
"4",9,"Midday",3,0.494386838677704,"Tuesday"
"4",9,"Midday",4,0.467803977539554,"Wednesday"
"4",9,"Midday",5,0.446424949249468,"Thursday"
"4",9,"Midday",6,0.526865155410828,"Friday"
"4",9,"Midday",7,0.476818538477192,"Saturday"
"4",9,"Morning",2,0.230970441595442,"Monday"
"4",9,"Morning",3,0.289968691831673,"Tuesday"
"4",9,"Morning",4,0.315190338507646,"Wednesday"
"4",9,"Morning",5,0.298438129267456,"Thursday"
"4",9,"Morning",6,0.393341821106244,"Friday"
"4",9,"Morning",7,0.282307838617935,"Saturday"
"4",10,"Afternoon",2,0.268595984010647,"Monday"
"4",10,"Afternoon",3,0.294046200861105,"Tuesday"
"4",10,"Afternoon",4,0.299414522443369,"Wednesday"
"4",10,"Afternoon",5,0.302813056334691,"Thursday"
"4",10,"Afternoon",6,0.296389934851473,"Friday"
"4",10,"Afternoon",7,0.252755606105967,"Saturday"
"4",10,"Midday",2,0.429236377493589,"Monday"
"4",10,"Midday",3,0.468164047490971,"Tuesday"
"4",10,"Midday",4,0.466334189314959,"Wednesday"
"4",10,"Midday",5,0.442797275729968,"Thursday"
"4",10,"Midday",6,0.502308464327695,"Friday"
"4",10,"Midday",7,0.473990697247909,"Saturday"
"4",10,"Morning",2,0.293367183030645,"Monday"
"4",10,"Morning",3,0.289173049173049,"Tuesday"
"4",10,"Morning",4,0.312357926973312,"Wednesday"
"4",10,"Morning",5,0.288157186474494,"Thursday"
"4",10,"Morning",6,0.350038094028479,"Friday"
"4",10,"Morning",7,0.261517306589422,"Saturday"
"4",11,"Afternoon",2,0.213966417196585,"Monday"
"4",11,"Afternoon",3,0.300666949570195,"Tuesday"
"4",11,"Afternoon",4,0.324781406827681,"Wednesday"
"4",11,"Afternoon",5,0.210734384472365,"Thursday"
"4",11,"Afternoon",6,0.333646649824534,"Friday"
"4",11,"Afternoon",7,0.43463992471204,"Saturday"
"4",11,"Midday",2,0.37637828695521,"Monday"
"4",11,"Midday",3,0.506385775015583,"Tuesday"
"4",11,"Midday",4,0.539629983620368,"Wednesday"
"4",11,"Midday",5,0.372279574503132,"Thursday"
"4",11,"Midday",6,0.55403755966256,"Friday"
"4",11,"Midday",7,0.550485911880143,"Saturday"
"4",11,"Morning",2,0.238725159278044,"Monday"
"4",11,"Morning",3,0.324902888244234,"Tuesday"
"4",11,"Morning",4,0.350300745372861,"Wednesday"
"4",11,"Morning",5,0.228050604132335,"Thursday"
"4",11,"Morning",6,0.363152584594892,"Friday"
"4",11,"Morning",7,0.29852947088524,"Saturday"
"4",12,"Afternoon",2,0.355488114983307,"Monday"
"4",12,"Afternoon",3,0.243643421215537,"Tuesday"
"4",12,"Afternoon",4,0.232692489468331,"Wednesday"
"4",12,"Afternoon",5,0.314131868398695,"Thursday"
"4",12,"Afternoon",6,0.355421511581367,"Friday"
"4",12,"Afternoon",7,0.423705307779827,"Saturday"
"4",12,"Midday",2,0.526872646584185,"Monday"
"4",12,"Midday",3,0.462036387757542,"Tuesday"
"4",12,"Midday",4,0.40363482448819,"Wednesday"
"4",12,"Midday",5,0.478222489760951,"Thursday"
"4",12,"Midday",6,0.517093367814522,"Friday"
"4",12,"Midday",7,0.577384594572095,"Saturday"
"4",12,"Morning",2,0.284967333236564,"Monday"
"4",12,"Morning",3,0.281590704523397,"Tuesday"
"4",12,"Morning",4,0.252477848451406,"Wednesday"
"4",12,"Morning",5,0.282453372837988,"Thursday"
"4",12,"Morning",6,0.282400498806749,"Friday"
"4",12,"Morning",7,0.247878703828223,"Saturday"
"5",1,"Afternoon",2,0.281129193227407,"Monday"
"5",1,"Afternoon",3,0.478745040673612,"Tuesday"
"5",1,"Afternoon",4,0.474139907711336,"Wednesday"
"5",1,"Afternoon",5,0.42376476078485,"Thursday"
"5",1,"Afternoon",6,0.518849903816422,"Friday"
"5",1,"Afternoon",7,0.350645629172415,"Saturday"
"5",1,"Midday",2,0.401880156880157,"Monday"
"5",1,"Midday",3,0.643656064834636,"Tuesday"
"5",1,"Midday",4,0.661881539095825,"Wednesday"
"5",1,"Midday",5,0.591151956509099,"Thursday"
"5",1,"Midday",6,0.682639073889074,"Friday"
"5",1,"Midday",7,0.400914558325273,"Saturday"
"5",1,"Morning",2,0.279932419432419,"Monday"
"5",1,"Morning",3,0.450427444248873,"Tuesday"
"5",1,"Morning",4,0.457856483463626,"Wednesday"
"5",1,"Morning",5,0.445071892393321,"Thursday"
"5",1,"Morning",6,0.447496699728843,"Friday"
"5",1,"Morning",7,0.189120385236457,"Saturday"
"5",2,"Afternoon",2,0.431675053617018,"Monday"
"5",2,"Afternoon",3,0.468024936373151,"Tuesday"
"5",2,"Afternoon",4,0.458535351057672,"Wednesday"
"5",2,"Afternoon",5,0.484562790384219,"Thursday"
"5",2,"Afternoon",6,0.50184493581815,"Friday"
"5",2,"Afternoon",7,0.462031238850435,"Saturday"
"5",2,"Midday",2,0.578644984314627,"Monday"
"5",2,"Midday",3,0.604237693523408,"Tuesday"
"5",2,"Midday",4,0.630674961612462,"Wednesday"
"5",2,"Midday",5,0.638581019509591,"Thursday"
"5",2,"Midday",6,0.683075613209542,"Friday"
"5",2,"Midday",7,0.47868756408935,"Saturday"
"5",2,"Morning",2,0.426092576405076,"Monday"
"5",2,"Morning",3,0.469759450205879,"Tuesday"
"5",2,"Morning",4,0.426500444000444,"Wednesday"
"5",2,"Morning",5,0.468034891034891,"Thursday"
"5",2,"Morning",6,0.475393080794867,"Friday"
"5",2,"Morning",7,0.258519757359043,"Saturday"
"5",3,"Afternoon",2,0.366592472507651,"Monday"
"5",3,"Afternoon",3,0.34700545981796,"Tuesday"
"5",3,"Afternoon",4,0.380278172967905,"Wednesday"
"5",3,"Afternoon",5,0.376280994551084,"Thursday"
"5",3,"Afternoon",6,0.506324316556459,"Friday"
"5",3,"Afternoon",7,0.370661741036741,"Saturday"
"5",3,"Midday",2,0.462761577047291,"Monday"
"5",3,"Midday",3,0.441103659898303,"Tuesday"
"5",3,"Midday",4,0.467326108085037,"Wednesday"
"5",3,"Midday",5,0.470879817933389,"Thursday"
"5",3,"Midday",6,0.633072855715713,"Friday"
"5",3,"Midday",7,0.41514307385736,"Saturday"
"5",3,"Morning",2,0.32861837402016,"Monday"
"5",3,"Morning",3,0.320526434544292,"Tuesday"
"5",3,"Morning",4,0.302389706853993,"Wednesday"
"5",3,"Morning",5,0.305848402589474,"Thursday"
"5",3,"Morning",6,0.399973774902346,"Friday"
"5",3,"Morning",7,0.221026587169444,"Saturday"
"5",4,"Afternoon",2,0.41121111329147,"Monday"
"5",4,"Afternoon",3,0.452814306725021,"Tuesday"
"5",4,"Afternoon",4,0.478682235423307,"Wednesday"
"5",4,"Afternoon",5,0.474866128415236,"Thursday"
"5",4,"Afternoon",6,0.522813268081125,"Friday"
"5",4,"Afternoon",7,0.422857445134231,"Saturday"
"5",4,"Midday",2,0.54451652051652,"Monday"
"5",4,"Midday",3,0.579394487787345,"Tuesday"
"5",4,"Midday",4,0.598357683982684,"Wednesday"
"5",4,"Midday",5,0.627693767872339,"Thursday"
"5",4,"Midday",6,0.63900644824752,"Friday"
"5",4,"Midday",7,0.474067793978508,"Saturday"
"5",4,"Morning",2,0.400206657099514,"Monday"
"5",4,"Morning",3,0.447775704454276,"Tuesday"
"5",4,"Morning",4,0.417715128786557,"Wednesday"
"5",4,"Morning",5,0.445540563933421,"Thursday"
"5",4,"Morning",6,0.473301156515442,"Friday"
"5",4,"Morning",7,0.20923042400721,"Saturday"
"5",5,"Afternoon",2,0.303987555103627,"Monday"
"5",5,"Afternoon",3,0.376440861965416,"Tuesday"
"5",5,"Afternoon",4,0.434927360338075,"Wednesday"
"5",5,"Afternoon",5,0.45841730689945,"Thursday"
"5",5,"Afternoon",6,0.494323986529344,"Friday"
"5",5,"Afternoon",7,0.385452814794333,"Saturday"
"5",5,"Midday",2,0.423023537309252,"Monday"
"5",5,"Midday",3,0.534587722132365,"Tuesday"
"5",5,"Midday",4,0.562236089307518,"Wednesday"
"5",5,"Midday",5,0.578618561332847,"Thursday"
"5",5,"Midday",6,0.61920720285006,"Friday"
"5",5,"Midday",7,0.448841243082314,"Saturday"
"5",5,"Morning",2,0.327952913488628,"Monday"
"5",5,"Morning",3,0.428996620112692,"Tuesday"
"5",5,"Morning",4,0.388254745254745,"Wednesday"
"5",5,"Morning",5,0.391807819164962,"Thursday"
"5",5,"Morning",6,0.431913636627922,"Friday"
"5",5,"Morning",7,0.280202111050325,"Saturday"
"5",6,"Afternoon",2,0.42305974531421,"Monday"
"5",6,"Afternoon",3,0.427538783141462,"Tuesday"
"5",6,"Afternoon",4,0.323206229534355,"Wednesday"
"5",6,"Afternoon",5,0.451700755841381,"Thursday"
"5",6,"Afternoon",6,0.445607501377591,"Friday"
"5",6,"Afternoon",7,0.339097160775732,"Saturday"
"5",6,"Midday",2,0.558641951633023,"Monday"
"5",6,"Midday",3,0.519570835910122,"Tuesday"
"5",6,"Midday",4,0.409738536926037,"Wednesday"
"5",6,"Midday",5,0.546196738116381,"Thursday"
"5",6,"Midday",6,0.597105682016396,"Friday"
"5",6,"Midday",7,0.407647655254798,"Saturday"
"5",6,"Morning",2,0.402669521285593,"Monday"
"5",6,"Morning",3,0.393501490242562,"Tuesday"
"5",6,"Morning",4,0.277205099794386,"Wednesday"
"5",6,"Morning",5,0.372000960349175,"Thursday"
"5",6,"Morning",6,0.425781189709761,"Friday"
"5",6,"Morning",7,0.233029286850715,"Saturday"
"5",7,"Afternoon",2,0.413761287323787,"Monday"
"5",7,"Afternoon",3,0.386724997224997,"Tuesday"
"5",7,"Afternoon",4,0.435846354042783,"Wednesday"
"5",7,"Afternoon",5,0.345242573646591,"Thursday"
"5",7,"Afternoon",6,0.466466946991501,"Friday"
"5",7,"Afternoon",7,0.341239376942502,"Saturday"
"5",7,"Midday",2,0.529941530691531,"Monday"
"5",7,"Midday",3,0.502189281617853,"Tuesday"
"5",7,"Midday",4,0.528771944986231,"Wednesday"
"5",7,"Midday",5,0.404487210871139,"Thursday"
"5",7,"Midday",6,0.583042864873222,"Friday"
"5",7,"Midday",7,0.41562755861863,"Saturday"
"5",7,"Morning",2,0.373740307311736,"Monday"
"5",7,"Morning",3,0.380527763242049,"Tuesday"
"5",7,"Morning",4,0.370043971901115,"Wednesday"
"5",7,"Morning",5,0.273920385170385,"Thursday"
"5",7,"Morning",6,0.424457396109182,"Friday"
"5",7,"Morning",7,0.189450600655958,"Saturday"
"5",8,"Afternoon",2,0.368999916254381,"Monday"
"5",8,"Afternoon",3,0.354969370906871,"Tuesday"
"5",8,"Afternoon",4,0.396899994846423,"Wednesday"
"5",8,"Afternoon",5,0.385725446180803,"Thursday"
"5",8,"Afternoon",6,0.442342890244676,"Friday"
"5",8,"Afternoon",7,0.326061031230674,"Saturday"
"5",8,"Midday",2,0.510734624172124,"Monday"
"5",8,"Midday",3,0.503068289184361,"Tuesday"
"5",8,"Midday",4,0.548403631751846,"Wednesday"
"5",8,"Midday",5,0.544286981536982,"Thursday"
"5",8,"Midday",6,0.560271929129072,"Friday"
"5",8,"Midday",7,0.384966197823341,"Saturday"
"5",8,"Morning",2,0.407259476634477,"Monday"
"5",8,"Morning",3,0.373803873044944,"Tuesday"
"5",8,"Morning",4,0.360566675388104,"Wednesday"
"5",8,"Morning",5,0.409123654123654,"Thursday"
"5",8,"Morning",6,0.4069802710517,"Friday"
"5",8,"Morning",7,0.199681070252499,"Saturday"
"5",9,"Afternoon",2,0.306738424274139,"Monday"
"5",9,"Afternoon",3,0.380588579327419,"Tuesday"
"5",9,"Afternoon",4,0.397437408821337,"Wednesday"
"5",9,"Afternoon",5,0.40083892298178,"Thursday"
"5",9,"Afternoon",6,0.443356509561867,"Friday"
"5",9,"Afternoon",7,0.357703207011243,"Saturday"
"5",9,"Midday",2,0.431504635576064,"Monday"
"5",9,"Midday",3,0.508674262245691,"Tuesday"
"5",9,"Midday",4,0.546907839184625,"Wednesday"
"5",9,"Midday",5,0.553194868953798,"Thursday"
"5",9,"Midday",6,0.563518497045283,"Friday"
"5",9,"Midday",7,0.473399224783153,"Saturday"
"5",9,"Morning",2,0.289474056366914,"Monday"
"5",9,"Morning",3,0.412339129124843,"Tuesday"
"5",9,"Morning",4,0.376569888444888,"Wednesday"
"5",9,"Morning",5,0.387976292887007,"Thursday"
"5",9,"Morning",6,0.409926279078065,"Friday"
"5",9,"Morning",7,0.240022948281877,"Saturday"
"5",10,"Afternoon",2,0.398765051912373,"Monday"
"5",10,"Afternoon",3,0.38698547979798,"Tuesday"
"5",10,"Afternoon",4,0.429809082782297,"Wednesday"
"5",10,"Afternoon",5,0.455407600336172,"Thursday"
"5",10,"Afternoon",6,0.497254070334427,"Friday"
"5",10,"Afternoon",7,0.388938567632764,"Saturday"
"5",10,"Midday",2,0.527274729239015,"Monday"
"5",10,"Midday",3,0.531123749266606,"Tuesday"
"5",10,"Midday",4,0.548524626167483,"Wednesday"
"5",10,"Midday",5,0.57655907584479,"Thursday"
"5",10,"Midday",6,0.617553250321107,"Friday"
"5",10,"Midday",7,0.448495286129215,"Saturday"
"5",10,"Morning",2,0.345605963150606,"Monday"
"5",10,"Morning",3,0.391775006739292,"Tuesday"
"5",10,"Morning",4,0.374806466020752,"Wednesday"
"5",10,"Morning",5,0.373936905686906,"Thursday"
"5",10,"Morning",6,0.407338402338402,"Friday"
"5",10,"Morning",7,0.225955491267991,"Saturday"
"5",11,"Afternoon",2,0.329901171497154,"Monday"
"5",11,"Afternoon",3,0.456928194573284,"Tuesday"
"5",11,"Afternoon",4,0.475387967687075,"Wednesday"
"5",11,"Afternoon",5,0.319660070831946,"Thursday"
"5",11,"Afternoon",6,0.477642533062176,"Friday"
"5",11,"Afternoon",7,0.368739841507699,"Saturday"
"5",11,"Midday",2,0.46444823529645,"Monday"
"5",11,"Midday",3,0.659873382239454,"Tuesday"
"5",11,"Midday",4,0.634090928912357,"Wednesday"
"5",11,"Midday",5,0.433341256957328,"Thursday"
"5",11,"Midday",6,0.617909570588142,"Friday"
"5",11,"Midday",7,0.37065799015799,"Saturday"
"5",11,"Morning",2,0.334426780230352,"Monday"
"5",11,"Morning",3,0.477773607014678,"Tuesday"
"5",11,"Morning",4,0.410301533783677,"Wednesday"
"5",11,"Morning",5,0.302143506295292,"Thursday"
"5",11,"Morning",6,0.404180957930958,"Friday"
"5",11,"Morning",7,0.192121264978408,"Saturday"
"5",12,"Afternoon",2,0.468984667118596,"Monday"
"5",12,"Afternoon",3,0.37156916000666,"Tuesday"
"5",12,"Afternoon",4,0.359948221421436,"Wednesday"
"5",12,"Afternoon",5,0.48191656557728,"Thursday"
"5",12,"Afternoon",6,0.521123754717505,"Friday"
"5",12,"Afternoon",7,0.433754659279213,"Saturday"
"5",12,"Midday",2,0.619714991357848,"Monday"
"5",12,"Midday",3,0.5057122573194,"Tuesday"
"5",12,"Midday",4,0.45019739850097,"Wednesday"
"5",12,"Midday",5,0.585671435046435,"Thursday"
"5",12,"Midday",6,0.634394403546189,"Friday"
"5",12,"Midday",7,0.427228949952164,"Saturday"
"5",12,"Morning",2,0.408690909619481,"Monday"
"5",12,"Morning",3,0.342993505172077,"Tuesday"
"5",12,"Morning",4,0.308151600383743,"Wednesday"
"5",12,"Morning",5,0.372866648893435,"Thursday"
"5",12,"Morning",6,0.416982058946345,"Friday"
"5",12,"Morning",7,0.222707266278695,"Saturday"
"6",1,"Afternoon",2,0.144763783225322,"Monday"
"6",1,"Afternoon",3,0.242017717859064,"Tuesday"
"6",1,"Afternoon",4,0.245463791016676,"Wednesday"
"6",1,"Afternoon",5,0.206547382238488,"Thursday"
"6",1,"Afternoon",6,0.288406445317503,"Friday"
"6",1,"Afternoon",7,0.283898576717086,"Saturday"
"6",1,"Midday",2,0.148822865169019,"Monday"
"6",1,"Midday",3,0.264399871851795,"Tuesday"
"6",1,"Midday",4,0.253522198954891,"Wednesday"
"6",1,"Midday",5,0.265600196189138,"Thursday"
"6",1,"Midday",6,0.29304910056112,"Friday"
"6",1,"Midday",7,0.385085249508326,"Saturday"
"6",1,"Morning",2,0.078094394921318,"Monday"
"6",1,"Morning",3,0.13524294437756,"Tuesday"
"6",1,"Morning",4,0.110868689714844,"Wednesday"
"6",1,"Morning",5,0.134786976734092,"Thursday"
"6",1,"Morning",6,0.143096884863712,"Friday"
"6",1,"Morning",7,0.162229819681743,"Saturday"
"6",2,"Afternoon",2,0.299717923636193,"Monday"
"6",2,"Afternoon",3,0.287188704391228,"Tuesday"
"6",2,"Afternoon",4,0.265720160581939,"Wednesday"
"6",2,"Afternoon",5,0.284628315061007,"Thursday"
"6",2,"Afternoon",6,0.328522445770042,"Friday"
"6",2,"Afternoon",7,0.316885575028604,"Saturday"
"6",2,"Midday",2,0.306656844757806,"Monday"
"6",2,"Midday",3,0.295051069390012,"Tuesday"
"6",2,"Midday",4,0.299993091399341,"Wednesday"
"6",2,"Midday",5,0.293936562013485,"Thursday"
"6",2,"Midday",6,0.356573719193911,"Friday"
"6",2,"Midday",7,0.460163369838851,"Saturday"
"6",2,"Morning",2,0.136686386085425,"Monday"
"6",2,"Morning",3,0.144341540315098,"Tuesday"
"6",2,"Morning",4,0.150066713468156,"Wednesday"
"6",2,"Morning",5,0.131358579098964,"Thursday"
"6",2,"Morning",6,0.174039620013178,"Friday"
"6",2,"Morning",7,0.191574626851069,"Saturday"
"6",3,"Afternoon",2,0.226788092383044,"Monday"
"6",3,"Afternoon",3,0.231866559255381,"Tuesday"
"6",3,"Afternoon",4,0.243467655141333,"Wednesday"
"6",3,"Afternoon",5,0.229509129358889,"Thursday"
"6",3,"Afternoon",6,0.289878264097014,"Friday"
"6",3,"Afternoon",7,0.326470807504461,"Saturday"
"6",3,"Midday",2,0.207800512788494,"Monday"
"6",3,"Midday",3,0.2254461194966,"Tuesday"
"6",3,"Midday",4,0.223144599346522,"Wednesday"
"6",3,"Midday",5,0.226959781226608,"Thursday"
"6",3,"Midday",6,0.310557670605748,"Friday"
"6",3,"Midday",7,0.424565130382438,"Saturday"
"6",3,"Morning",2,0.0921904128634898,"Monday"
"6",3,"Morning",3,0.102349706917015,"Tuesday"
"6",3,"Morning",4,0.0942577165533896,"Wednesday"
"6",3,"Morning",5,0.0963849941013402,"Thursday"
"6",3,"Morning",6,0.16831682384567,"Friday"
"6",3,"Morning",7,0.165754745610515,"Saturday"
"6",4,"Afternoon",2,0.245689740281086,"Monday"
"6",4,"Afternoon",3,0.260573022063407,"Tuesday"
"6",4,"Afternoon",4,0.274824297630788,"Wednesday"
"6",4,"Afternoon",5,0.277476226364448,"Thursday"
"6",4,"Afternoon",6,0.297239754436269,"Friday"
"6",4,"Afternoon",7,0.312250393169864,"Saturday"
"6",4,"Midday",2,0.244121535515766,"Monday"
"6",4,"Midday",3,0.285264978966902,"Tuesday"
"6",4,"Midday",4,0.311074342324342,"Wednesday"
"6",4,"Midday",5,0.291587476803823,"Thursday"
"6",4,"Midday",6,0.340530834461123,"Friday"
"6",4,"Midday",7,0.524107013890668,"Saturday"
"6",4,"Morning",2,0.122544585044585,"Monday"
"6",4,"Morning",3,0.127224837128683,"Tuesday"
"6",4,"Morning",4,0.117989026642873,"Wednesday"
"6",4,"Morning",5,0.136281204550435,"Thursday"
"6",4,"Morning",6,0.164076986492852,"Friday"
"6",4,"Morning",7,0.174084026728258,"Saturday"
"6",5,"Afternoon",2,0.166987603075343,"Monday"
"6",5,"Afternoon",3,0.223561846473505,"Tuesday"
"6",5,"Afternoon",4,0.242832986991641,"Wednesday"
"6",5,"Afternoon",5,0.256142371250544,"Thursday"
"6",5,"Afternoon",6,0.253631450013662,"Friday"
"6",5,"Afternoon",7,0.284948134797894,"Saturday"
"6",5,"Midday",2,0.193435895479165,"Monday"
"6",5,"Midday",3,0.237585729352556,"Tuesday"
"6",5,"Midday",4,0.248319988416142,"Wednesday"
"6",5,"Midday",5,0.279452322961938,"Thursday"
"6",5,"Midday",6,0.300696422523346,"Friday"
"6",5,"Midday",7,0.426474698289602,"Saturday"
"6",5,"Morning",2,0.111815692765212,"Monday"
"6",5,"Morning",3,0.124770893280509,"Tuesday"
"6",5,"Morning",4,0.125740322711477,"Wednesday"
"6",5,"Morning",5,0.125670282352975,"Thursday"
"6",5,"Morning",6,0.170575051728898,"Friday"
"6",5,"Morning",7,0.1804708690526,"Saturday"
"6",6,"Afternoon",2,0.23735676049378,"Monday"
"6",6,"Afternoon",3,0.226244635439347,"Tuesday"
"6",6,"Afternoon",4,0.167147684380256,"Wednesday"
"6",6,"Afternoon",5,0.235655030066088,"Thursday"
"6",6,"Afternoon",6,0.264226318553242,"Friday"
"6",6,"Afternoon",7,0.215118235130254,"Saturday"
"6",6,"Midday",2,0.243363476356265,"Monday"
"6",6,"Midday",3,0.261588894100913,"Tuesday"
"6",6,"Midday",4,0.196543267096152,"Wednesday"
"6",6,"Midday",5,0.259890937054399,"Thursday"
"6",6,"Midday",6,0.283849670628517,"Friday"
"6",6,"Midday",7,0.348066278450894,"Saturday"
"6",6,"Morning",2,0.133752107490088,"Monday"
"6",6,"Morning",3,0.147857611138861,"Tuesday"
"6",6,"Morning",4,0.117105270530751,"Wednesday"
"6",6,"Morning",5,0.139283875401664,"Thursday"
"6",6,"Morning",6,0.156440158844005,"Friday"
"6",6,"Morning",7,0.171498718517949,"Saturday"
"6",7,"Afternoon",2,0.230389147444436,"Monday"
"6",7,"Afternoon",3,0.213079810147118,"Tuesday"
"6",7,"Afternoon",4,0.240498295774738,"Wednesday"
"6",7,"Afternoon",5,0.182538051558484,"Thursday"
"6",7,"Afternoon",6,0.242514825252205,"Friday"
"6",7,"Afternoon",7,0.279633287385691,"Saturday"
"6",7,"Midday",2,0.248362890670583,"Monday"
"6",7,"Midday",3,0.230056688325919,"Tuesday"
"6",7,"Midday",4,0.264487693574232,"Wednesday"
"6",7,"Midday",5,0.177145172758154,"Thursday"
"6",7,"Midday",6,0.314124430590777,"Friday"
"6",7,"Midday",7,0.328915840213917,"Saturday"
"6",7,"Morning",2,0.1271529307587,"Monday"
"6",7,"Morning",3,0.125466189793113,"Tuesday"
"6",7,"Morning",4,0.133575521700522,"Wednesday"
"6",7,"Morning",5,0.0803429898982784,"Thursday"
"6",7,"Morning",6,0.146746738393373,"Friday"
"6",7,"Morning",7,0.160308939635863,"Saturday"
"6",8,"Afternoon",2,0.22508695731352,"Monday"
"6",8,"Afternoon",3,0.219120709685614,"Tuesday"
"6",8,"Afternoon",4,0.224678569961022,"Wednesday"
"6",8,"Afternoon",5,0.19853021310954,"Thursday"
"6",8,"Afternoon",6,0.227226783633034,"Friday"
"6",8,"Afternoon",7,0.280589461286577,"Saturday"
"6",8,"Midday",2,0.24620608647051,"Monday"
"6",8,"Midday",3,0.248034210714499,"Tuesday"
"6",8,"Midday",4,0.268832687522591,"Wednesday"
"6",8,"Midday",5,0.244138283369053,"Thursday"
"6",8,"Midday",6,0.27071180422142,"Friday"
"6",8,"Midday",7,0.398452286673441,"Saturday"
"6",8,"Morning",2,0.150883382554056,"Monday"
"6",8,"Morning",3,0.119719745621188,"Tuesday"
"6",8,"Morning",4,0.133611136014982,"Wednesday"
"6",8,"Morning",5,0.127568677760985,"Thursday"
"6",8,"Morning",6,0.154824715882408,"Friday"
"6",8,"Morning",7,0.192816642047411,"Saturday"
"6",9,"Afternoon",2,0.167422315931931,"Monday"
"6",9,"Afternoon",3,0.235387600847336,"Tuesday"
"6",9,"Afternoon",4,0.212514413671265,"Wednesday"
"6",9,"Afternoon",5,0.199487146467315,"Thursday"
"6",9,"Afternoon",6,0.27377579018204,"Friday"
"6",9,"Afternoon",7,0.274927174521525,"Saturday"
"6",9,"Midday",2,0.19634319740089,"Monday"
"6",9,"Midday",3,0.258002492077011,"Tuesday"
"6",9,"Midday",4,0.24855590901264,"Wednesday"
"6",9,"Midday",5,0.234768321066398,"Thursday"
"6",9,"Midday",6,0.318610384896443,"Friday"
"6",9,"Midday",7,0.426061838802223,"Saturday"
"6",9,"Morning",2,0.0990703118106964,"Monday"
"6",9,"Morning",3,0.140694564071968,"Tuesday"
"6",9,"Morning",4,0.132932260937069,"Wednesday"
"6",9,"Morning",5,0.13771752641945,"Thursday"
"6",9,"Morning",6,0.176613897587455,"Friday"
"6",9,"Morning",7,0.180972328508386,"Saturday"
"6",10,"Afternoon",2,0.221545318330174,"Monday"
"6",10,"Afternoon",3,0.231305371978449,"Tuesday"
"6",10,"Afternoon",4,0.240619863576594,"Wednesday"
"6",10,"Afternoon",5,0.239236816869028,"Thursday"
"6",10,"Afternoon",6,0.260096460697422,"Friday"
"6",10,"Afternoon",7,0.321911306842196,"Saturday"
"6",10,"Midday",2,0.245242962610751,"Monday"
"6",10,"Midday",3,0.275952224413763,"Tuesday"
"6",10,"Midday",4,0.26486395193126,"Wednesday"
"6",10,"Midday",5,0.275787595595288,"Thursday"
"6",10,"Midday",6,0.312158681329354,"Friday"
"6",10,"Midday",7,0.442009288343423,"Saturday"
"6",10,"Morning",2,0.142993891791969,"Monday"
"6",10,"Morning",3,0.128275588371742,"Tuesday"
"6",10,"Morning",4,0.132198864170018,"Wednesday"
"6",10,"Morning",5,0.141184380078611,"Thursday"
"6",10,"Morning",6,0.144134889327197,"Friday"
"6",10,"Morning",7,0.168372226064534,"Saturday"
"6",11,"Afternoon",2,0.192164462807492,"Monday"
"6",11,"Afternoon",3,0.298705434522742,"Tuesday"
"6",11,"Afternoon",4,0.283688972285727,"Wednesday"
"6",11,"Afternoon",5,0.199222890824453,"Thursday"
"6",11,"Afternoon",6,0.307393577309443,"Friday"
"6",11,"Afternoon",7,0.404401669377631,"Saturday"
"6",11,"Midday",2,0.228399505142294,"Monday"
"6",11,"Midday",3,0.341740620045908,"Tuesday"
"6",11,"Midday",4,0.354482438857439,"Wednesday"
"6",11,"Midday",5,0.261932082785448,"Thursday"
"6",11,"Midday",6,0.396003083455007,"Friday"
"6",11,"Midday",7,0.536766794459102,"Saturday"
"6",11,"Morning",2,0.118136913389317,"Monday"
"6",11,"Morning",3,0.147164489712567,"Tuesday"
"6",11,"Morning",4,0.178050762005089,"Wednesday"
"6",11,"Morning",5,0.115545747877479,"Thursday"
"6",11,"Morning",6,0.182762346271962,"Friday"
"6",11,"Morning",7,0.20672989937413,"Saturday"
"6",12,"Afternoon",2,0.39585943436905,"Monday"
"6",12,"Afternoon",3,0.279777275342179,"Tuesday"
"6",12,"Afternoon",4,0.242045659668857,"Wednesday"
"6",12,"Afternoon",5,0.326343711710298,"Thursday"
"6",12,"Afternoon",6,0.349902449647041,"Friday"
"6",12,"Afternoon",7,0.475646492263079,"Saturday"
"6",12,"Midday",2,0.450674800626724,"Monday"
"6",12,"Midday",3,0.387133059248444,"Tuesday"
"6",12,"Midday",4,0.280667162698413,"Wednesday"
"6",12,"Midday",5,0.369995951786817,"Thursday"
"6",12,"Midday",6,0.399728063069409,"Friday"
"6",12,"Midday",7,0.598590105140586,"Saturday"
"6",12,"Morning",2,0.168422238374161,"Monday"
"6",12,"Morning",3,0.18485970937894,"Tuesday"
"6",12,"Morning",4,0.112450528015432,"Wednesday"
"6",12,"Morning",5,0.168169506330564,"Thursday"
"6",12,"Morning",6,0.192036938310977,"Friday"
"6",12,"Morning",7,0.173607010866626,"Saturday"
"7",1,"Afternoon",2,0.166898561507936,"Monday"
"7",1,"Afternoon",3,0.257761904761905,"Tuesday"
"7",1,"Afternoon",4,0.26363566468254,"Wednesday"
"7",1,"Afternoon",5,0.219024057539683,"Thursday"
"7",1,"Afternoon",6,0.290368923611111,"Friday"
"7",1,"Afternoon",7,0.401573660714286,"Saturday"
"7",1,"Midday",2,0.19675,"Monday"
"7",1,"Midday",3,0.339998346560847,"Tuesday"
"7",1,"Midday",4,0.362241402116402,"Wednesday"
"7",1,"Midday",5,0.349602761243386,"Thursday"
"7",1,"Midday",6,0.357856729497354,"Friday"
"7",1,"Midday",7,0.372283812830688,"Saturday"
"7",1,"Morning",2,0.122826058201058,"Monday"
"7",1,"Morning",3,0.179926256613757,"Tuesday"
"7",1,"Morning",4,0.218286375661376,"Wednesday"
"7",1,"Morning",5,0.186461226851852,"Thursday"
"7",1,"Morning",6,0.234360532407407,"Friday"
"7",1,"Morning",7,0.158921130952381,"Saturday"
"7",2,"Afternoon",2,0.277995411706349,"Monday"
"7",2,"Afternoon",3,0.305256696428571,"Tuesday"
"7",2,"Afternoon",4,0.375930369543651,"Wednesday"
"7",2,"Afternoon",5,0.341459821428571,"Thursday"
"7",2,"Afternoon",6,0.353206535218254,"Friday"
"7",2,"Afternoon",7,0.561466083829365,"Saturday"
"7",2,"Midday",2,0.286243799603175,"Monday"
"7",2,"Midday",3,0.379434110449735,"Tuesday"
"7",2,"Midday",4,0.457600446428571,"Wednesday"
"7",2,"Midday",5,0.453981812169312,"Thursday"
"7",2,"Midday",6,0.457850115740741,"Friday"
"7",2,"Midday",7,0.491814236111111,"Saturday"
"7",2,"Morning",2,0.203941798941799,"Monday"
"7",2,"Morning",3,0.257871610449735,"Tuesday"
"7",2,"Morning",4,0.363165922619048,"Wednesday"
"7",2,"Morning",5,0.302047288359788,"Thursday"
"7",2,"Morning",6,0.289231150793651,"Friday"
"7",2,"Morning",7,0.206389715608466,"Saturday"
"7",3,"Afternoon",2,0.20653087797619,"Monday"
"7",3,"Afternoon",3,0.255496341765873,"Tuesday"
"7",3,"Afternoon",4,0.300265066964286,"Wednesday"
"7",3,"Afternoon",5,0.309347718253968,"Thursday"
"7",3,"Afternoon",6,0.40258630952381,"Friday"
"7",3,"Afternoon",7,0.478091765873016,"Saturday"
"7",3,"Midday",2,0.252516947751323,"Monday"
"7",3,"Midday",3,0.301876240079365,"Tuesday"
"7",3,"Midday",4,0.343654927248677,"Wednesday"
"7",3,"Midday",5,0.361828703703704,"Thursday"
"7",3,"Midday",6,0.429848544973545,"Friday"
"7",3,"Midday",7,0.412550264550264,"Saturday"
"7",3,"Morning",2,0.162929480820106,"Monday"
"7",3,"Morning",3,0.184179480820106,"Tuesday"
"7",3,"Morning",4,0.185909391534392,"Wednesday"
"7",3,"Morning",5,0.205395998677249,"Thursday"
"7",3,"Morning",6,0.252752314814815,"Friday"
"7",3,"Morning",7,0.255625,"Saturday"
"7",4,"Afternoon",2,0.232995287698413,"Monday"
"7",4,"Afternoon",3,0.316845982142857,"Tuesday"
"7",4,"Afternoon",4,0.354273003472222,"Wednesday"
"7",4,"Afternoon",5,0.356759982638889,"Thursday"
"7",4,"Afternoon",6,0.428101128472222,"Friday"
"7",4,"Afternoon",7,0.556419890873016,"Saturday"
"7",4,"Midday",2,0.280776455026455,"Monday"
"7",4,"Midday",3,0.337964285714286,"Tuesday"
"7",4,"Midday",4,0.417645916005291,"Wednesday"
"7",4,"Midday",5,0.443617724867725,"Thursday"
"7",4,"Midday",6,0.414710648148148,"Friday"
"7",4,"Midday",7,0.469423363095238,"Saturday"
"7",4,"Morning",2,0.183636243386243,"Monday"
"7",4,"Morning",3,0.206718584656085,"Tuesday"
"7",4,"Morning",4,0.246447999338624,"Wednesday"
"7",4,"Morning",5,0.243979001322751,"Thursday"
"7",4,"Morning",6,0.267233382936508,"Friday"
"7",4,"Morning",7,0.197328455687831,"Saturday"
"7",5,"Afternoon",2,0.186380208333333,"Monday"
"7",5,"Afternoon",3,0.320868675595238,"Tuesday"
"7",5,"Afternoon",4,0.356957837301587,"Wednesday"
"7",5,"Afternoon",5,0.376152777777778,"Thursday"
"7",5,"Afternoon",6,0.43466939484127,"Friday"
"7",5,"Afternoon",7,0.498147321428571,"Saturday"
"7",5,"Midday",2,0.204410962301587,"Monday"
"7",5,"Midday",3,0.342657076719577,"Tuesday"
"7",5,"Midday",4,0.445271825396825,"Wednesday"
"7",5,"Midday",5,0.397200727513227,"Thursday"
"7",5,"Midday",6,0.426619047619048,"Friday"
"7",5,"Midday",7,0.429940889550264,"Saturday"
"7",5,"Morning",2,0.136615823412698,"Monday"
"7",5,"Morning",3,0.195402199074074,"Tuesday"
"7",5,"Morning",4,0.249461970899471,"Wednesday"
"7",5,"Morning",5,0.233998015873016,"Thursday"
"7",5,"Morning",6,0.246596560846561,"Friday"
"7",5,"Morning",7,0.305660962301587,"Saturday"
"7",6,"Afternoon",2,0.251157614087302,"Monday"
"7",6,"Afternoon",3,0.282022569444444,"Tuesday"
"7",6,"Afternoon",4,0.283032924107143,"Wednesday"
"7",6,"Afternoon",5,0.412233382936508,"Thursday"
"7",6,"Afternoon",6,0.442918836805556,"Friday"
"7",6,"Afternoon",7,0.516525297619048,"Saturday"
"7",6,"Midday",2,0.313837632275132,"Monday"
"7",6,"Midday",3,0.361237185846561,"Tuesday"
"7",6,"Midday",4,0.293957919973545,"Wednesday"
"7",6,"Midday",5,0.439253472222222,"Thursday"
"7",6,"Midday",6,0.461136739417989,"Friday"
"7",6,"Midday",7,0.480900462962963,"Saturday"
"7",6,"Morning",2,0.225639054232804,"Monday"
"7",6,"Morning",3,0.216557953042328,"Tuesday"
"7",6,"Morning",4,0.197473958333333,"Wednesday"
"7",6,"Morning",5,0.234193121693122,"Thursday"
"7",6,"Morning",6,0.288565228174603,"Friday"
"7",6,"Morning",7,0.244959325396825,"Saturday"
"7",7,"Afternoon",2,0.281734126984127,"Monday"
"7",7,"Afternoon",3,0.298221726190476,"Tuesday"
"7",7,"Afternoon",4,0.34848933531746,"Wednesday"
"7",7,"Afternoon",5,0.272223152281746,"Thursday"
"7",7,"Afternoon",6,0.436586681547619,"Friday"
"7",7,"Afternoon",7,0.41627449156746,"Saturday"
"7",7,"Midday",2,0.311333002645503,"Monday"
"7",7,"Midday",3,0.37194708994709,"Tuesday"
"7",7,"Midday",4,0.442245701058201,"Wednesday"
"7",7,"Midday",5,0.270116567460317,"Thursday"
"7",7,"Midday",6,0.429098048941799,"Friday"
"7",7,"Midday",7,0.426075148809524,"Saturday"
"7",7,"Morning",2,0.211032407407407,"Monday"
"7",7,"Morning",3,0.229659391534392,"Tuesday"
"7",7,"Morning",4,0.241988095238095,"Wednesday"
"7",7,"Morning",5,0.167015955687831,"Thursday"
"7",7,"Morning",6,0.252379712301587,"Friday"
"7",7,"Morning",7,0.174569279100529,"Saturday"
"7",8,"Afternoon",2,0.219058779761905,"Monday"
"7",8,"Afternoon",3,0.31800285218254,"Tuesday"
"7",8,"Afternoon",4,0.413879278273809,"Wednesday"
"7",8,"Afternoon",5,0.371384672619048,"Thursday"
"7",8,"Afternoon",6,0.435562251984127,"Friday"
"7",8,"Afternoon",7,0.444933531746032,"Saturday"
"7",8,"Midday",2,0.300704365079365,"Monday"
"7",8,"Midday",3,0.39213707010582,"Tuesday"
"7",8,"Midday",4,0.473628058862434,"Wednesday"
"7",8,"Midday",5,0.44302414021164,"Thursday"
"7",8,"Midday",6,0.438992724867725,"Friday"
"7",8,"Midday",7,0.488784722222222,"Saturday"
"7",8,"Morning",2,0.222177992724868,"Monday"
"7",8,"Morning",3,0.239546130952381,"Tuesday"
"7",8,"Morning",4,0.249570105820106,"Wednesday"
"7",8,"Morning",5,0.248613425925926,"Thursday"
"7",8,"Morning",6,0.227685846560847,"Friday"
"7",8,"Morning",7,0.250335317460317,"Saturday"
"7",9,"Afternoon",2,0.220862103174603,"Monday"
"7",9,"Afternoon",3,0.327167348710317,"Tuesday"
"7",9,"Afternoon",4,0.351280071924603,"Wednesday"
"7",9,"Afternoon",5,0.371254340277778,"Thursday"
"7",9,"Afternoon",6,0.445207403273809,"Friday"
"7",9,"Afternoon",7,0.518860677083333,"Saturday"
"7",9,"Midday",2,0.244007936507937,"Monday"
"7",9,"Midday",3,0.401303323412698,"Tuesday"
"7",9,"Midday",4,0.437204861111111,"Wednesday"
"7",9,"Midday",5,0.414750744047619,"Thursday"
"7",9,"Midday",6,0.464053406084656,"Friday"
"7",9,"Midday",7,0.518463128306878,"Saturday"
"7",9,"Morning",2,0.175574404761905,"Monday"
"7",9,"Morning",3,0.260425760582011,"Tuesday"
"7",9,"Morning",4,0.316604662698413,"Wednesday"
"7",9,"Morning",5,0.237630208333333,"Thursday"
"7",9,"Morning",6,0.266445519179894,"Friday"
"7",9,"Morning",7,0.26950107473545,"Saturday"
"7",10,"Afternoon",2,0.246295882936508,"Monday"
"7",10,"Afternoon",3,0.321690476190476,"Tuesday"
"7",10,"Afternoon",4,0.326716517857143,"Wednesday"
"7",10,"Afternoon",5,0.344656001984127,"Thursday"
"7",10,"Afternoon",6,0.429945126488095,"Friday"
"7",10,"Afternoon",7,0.485777219742063,"Saturday"
"7",10,"Midday",2,0.273294890873016,"Monday"
"7",10,"Midday",3,0.420044642857143,"Tuesday"
"7",10,"Midday",4,0.371204365079365,"Wednesday"
"7",10,"Midday",5,0.387161044973545,"Thursday"
"7",10,"Midday",6,0.440630373677249,"Friday"
"7",10,"Midday",7,0.494071180555555,"Saturday"
"7",10,"Morning",2,0.163934771825397,"Monday"
"7",10,"Morning",3,0.222594576719577,"Tuesday"
"7",10,"Morning",4,0.24775,"Wednesday"
"7",10,"Morning",5,0.235819113756614,"Thursday"
"7",10,"Morning",6,0.267609126984127,"Friday"
"7",10,"Morning",7,0.224718088624339,"Saturday"
"7",11,"Afternoon",2,0.16370845734127,"Monday"
"7",11,"Afternoon",3,0.304792286706349,"Tuesday"
"7",11,"Afternoon",4,0.301664186507936,"Wednesday"
"7",11,"Afternoon",5,0.249937686011905,"Thursday"
"7",11,"Afternoon",6,0.352925347222222,"Friday"
"7",11,"Afternoon",7,0.516053819444444,"Saturday"
"7",11,"Midday",2,0.197376818783069,"Monday"
"7",11,"Midday",3,0.410600198412698,"Tuesday"
"7",11,"Midday",4,0.398012979497354,"Wednesday"
"7",11,"Midday",5,0.244404348544974,"Thursday"
"7",11,"Midday",6,0.327075066137566,"Friday"
"7",11,"Midday",7,0.473747023809524,"Saturday"
"7",11,"Morning",2,0.130897404100529,"Monday"
"7",11,"Morning",3,0.22903232473545,"Tuesday"
"7",11,"Morning",4,0.26104828042328,"Wednesday"
"7",11,"Morning",5,0.155515459656085,"Thursday"
"7",11,"Morning",6,0.193578703703704,"Friday"
"7",11,"Morning",7,0.208102843915344,"Saturday"
"7",12,"Afternoon",2,0.280967261904762,"Monday"
"7",12,"Afternoon",3,0.239031994047619,"Tuesday"
"7",12,"Afternoon",4,0.206718439980159,"Wednesday"
"7",12,"Afternoon",5,0.331256510416667,"Thursday"
"7",12,"Afternoon",6,0.385345982142857,"Friday"
"7",12,"Afternoon",7,0.441070498511905,"Saturday"
"7",12,"Midday",2,0.279150132275132,"Monday"
"7",12,"Midday",3,0.323085648148148,"Tuesday"
"7",12,"Midday",4,0.271670386904762,"Wednesday"
"7",12,"Midday",5,0.324024057539682,"Thursday"
"7",12,"Midday",6,0.395292658730159,"Friday"
"7",12,"Midday",7,0.332449156746032,"Saturday"
"7",12,"Morning",2,0.134308531746032,"Monday"
"7",12,"Morning",3,0.180198743386243,"Tuesday"
"7",12,"Morning",4,0.143516451719577,"Wednesday"
"7",12,"Morning",5,0.148835152116402,"Thursday"
"7",12,"Morning",6,0.202864996693122,"Friday"
"7",12,"Morning",7,0.169991319444444,"Saturday"
"8",1,"Afternoon",2,0.229547414562602,"Monday"
"8",1,"Afternoon",3,0.438473360538957,"Tuesday"
"8",1,"Afternoon",4,0.455729170626232,"Wednesday"
"8",1,"Afternoon",5,0.382552945862319,"Thursday"
"8",1,"Afternoon",6,0.497905331646624,"Friday"
"8",1,"Afternoon",7,0.558596471805533,"Saturday"
"8",1,"Midday",2,0.299792235547839,"Monday"
"8",1,"Midday",3,0.526741641893746,"Tuesday"
"8",1,"Midday",4,0.553494954616654,"Wednesday"
"8",1,"Midday",5,0.502857223651924,"Thursday"
"8",1,"Midday",6,0.599109305913202,"Friday"
"8",1,"Midday",7,0.697535105907517,"Saturday"
"8",1,"Morning",2,0.15682020559586,"Monday"
"8",1,"Morning",3,0.254481538696381,"Tuesday"
"8",1,"Morning",4,0.26627815250546,"Wednesday"
"8",1,"Morning",5,0.267644369401731,"Thursday"
"8",1,"Morning",6,0.303347964453857,"Friday"
"8",1,"Morning",7,0.312611170595141,"Saturday"
"8",2,"Afternoon",2,0.45186009353595,"Monday"
"8",2,"Afternoon",3,0.446646288754909,"Tuesday"
"8",2,"Afternoon",4,0.451186268783042,"Wednesday"
"8",2,"Afternoon",5,0.486373640926687,"Thursday"
"8",2,"Afternoon",6,0.533061699674241,"Friday"
"8",2,"Afternoon",7,0.553373738859265,"Saturday"
"8",2,"Midday",2,0.577539546837757,"Monday"
"8",2,"Midday",3,0.545509569949294,"Tuesday"
"8",2,"Midday",4,0.552089132718735,"Wednesday"
"8",2,"Midday",5,0.605660801606412,"Thursday"
"8",2,"Midday",6,0.653142424274969,"Friday"
"8",2,"Midday",7,0.716135133425885,"Saturday"
"8",2,"Morning",2,0.29368261749554,"Monday"
"8",2,"Morning",3,0.292832360954697,"Tuesday"
"8",2,"Morning",4,0.310701185461058,"Wednesday"
"8",2,"Morning",5,0.299416234930049,"Thursday"
"8",2,"Morning",6,0.328392127284412,"Friday"
"8",2,"Morning",7,0.374480669864635,"Saturday"
"8",3,"Afternoon",2,0.362184846837638,"Monday"
"8",3,"Afternoon",3,0.386803932613713,"Tuesday"
"8",3,"Afternoon",4,0.405540850686148,"Wednesday"
"8",3,"Afternoon",5,0.416693026804049,"Thursday"
"8",3,"Afternoon",6,0.542350856731742,"Friday"
"8",3,"Afternoon",7,0.537981911476329,"Saturday"
"8",3,"Midday",2,0.446766697365957,"Monday"
"8",3,"Midday",3,0.480234491850912,"Tuesday"
"8",3,"Midday",4,0.470603264718055,"Wednesday"
"8",3,"Midday",5,0.468596904897064,"Thursday"
"8",3,"Midday",6,0.666819989580419,"Friday"
"8",3,"Midday",7,0.683436532213476,"Saturday"
"8",3,"Morning",2,0.190826824165777,"Monday"
"8",3,"Morning",3,0.235262202505579,"Tuesday"
"8",3,"Morning",4,0.229171242841249,"Wednesday"
"8",3,"Morning",5,0.227749198320106,"Thursday"
"8",3,"Morning",6,0.316632462020065,"Friday"
"8",3,"Morning",7,0.351835774084221,"Saturday"
"8",4,"Afternoon",2,0.387483783292945,"Monday"
"8",4,"Afternoon",3,0.436682260013416,"Tuesday"
"8",4,"Afternoon",4,0.473167061853962,"Wednesday"
"8",4,"Afternoon",5,0.456918929309889,"Thursday"
"8",4,"Afternoon",6,0.54118160270545,"Friday"
"8",4,"Afternoon",7,0.558186631243207,"Saturday"
"8",4,"Midday",2,0.486488251663152,"Monday"
"8",4,"Midday",3,0.559920721065937,"Tuesday"
"8",4,"Midday",4,0.593062846402097,"Wednesday"
"8",4,"Midday",5,0.557732887500293,"Thursday"
"8",4,"Midday",6,0.634503008762393,"Friday"
"8",4,"Midday",7,0.676758369748972,"Saturday"
"8",4,"Morning",2,0.254133063378058,"Monday"
"8",4,"Morning",3,0.289854916189164,"Tuesday"
"8",4,"Morning",4,0.289556104138701,"Wednesday"
"8",4,"Morning",5,0.268163791323579,"Thursday"
"8",4,"Morning",6,0.306741797362419,"Friday"
"8",4,"Morning",7,0.34695188481908,"Saturday"
"8",5,"Afternoon",2,0.306975775195568,"Monday"
"8",5,"Afternoon",3,0.407261043482127,"Tuesday"
"8",5,"Afternoon",4,0.479592869671863,"Wednesday"
"8",5,"Afternoon",5,0.478191239299275,"Thursday"
"8",5,"Afternoon",6,0.496249608120974,"Friday"
"8",5,"Afternoon",7,0.519527154126775,"Saturday"
"8",5,"Midday",2,0.404295169896207,"Monday"
"8",5,"Midday",3,0.552799841181072,"Tuesday"
"8",5,"Midday",4,0.612575175214379,"Wednesday"
"8",5,"Midday",5,0.58709231614299,"Thursday"
"8",5,"Midday",6,0.623526451725949,"Friday"
"8",5,"Midday",7,0.626319591240793,"Saturday"
"8",5,"Morning",2,0.204490686149935,"Monday"
"8",5,"Morning",3,0.281948274393716,"Tuesday"
"8",5,"Morning",4,0.319623591975064,"Wednesday"
"8",5,"Morning",5,0.305461589397082,"Thursday"
"8",5,"Morning",6,0.322905936039083,"Friday"
"8",5,"Morning",7,0.34403525714755,"Saturday"
"8",6,"Afternoon",2,0.377719146492611,"Monday"
"8",6,"Afternoon",3,0.389250262921089,"Tuesday"
"8",6,"Afternoon",4,0.29092491233284,"Wednesday"
"8",6,"Afternoon",5,0.436290835828616,"Thursday"
"8",6,"Afternoon",6,0.480460000658765,"Friday"
"8",6,"Afternoon",7,0.441302193994538,"Saturday"
"8",6,"Midday",2,0.486851038904359,"Monday"
"8",6,"Midday",3,0.50147843054417,"Tuesday"
"8",6,"Midday",4,0.375709037105752,"Wednesday"
"8",6,"Midday",5,0.511714021094118,"Thursday"
"8",6,"Midday",6,0.548942631550672,"Friday"
"8",6,"Midday",7,0.567835510869328,"Saturday"
"8",6,"Morning",2,0.288865489186076,"Monday"
"8",6,"Morning",3,0.295604046320127,"Tuesday"
"8",6,"Morning",4,0.202745770725044,"Wednesday"
"8",6,"Morning",5,0.286821101711491,"Thursday"
"8",6,"Morning",6,0.307073842423899,"Friday"
"8",6,"Morning",7,0.313824261912618,"Saturday"
"8",7,"Afternoon",2,0.408294898874791,"Monday"
"8",7,"Afternoon",3,0.403063017925032,"Tuesday"
"8",7,"Afternoon",4,0.445270694455959,"Wednesday"
"8",7,"Afternoon",5,0.355236415551873,"Thursday"
"8",7,"Afternoon",6,0.4972210598653,"Friday"
"8",7,"Afternoon",7,0.481194821524713,"Saturday"
"8",7,"Midday",2,0.500510095173801,"Monday"
"8",7,"Midday",3,0.502247250160305,"Tuesday"
"8",7,"Midday",4,0.531669951789792,"Wednesday"
"8",7,"Midday",5,0.388711781977542,"Thursday"
"8",7,"Midday",6,0.58096431515288,"Friday"
"8",7,"Midday",7,0.608259247048792,"Saturday"
"8",7,"Morning",2,0.276395347946807,"Monday"
"8",7,"Morning",3,0.292524938769417,"Tuesday"
"8",7,"Morning",4,0.269766035381094,"Wednesday"
"8",7,"Morning",5,0.220151181569658,"Thursday"
"8",7,"Morning",6,0.323418477598205,"Friday"
"8",7,"Morning",7,0.339946511257705,"Saturday"
"8",8,"Afternoon",2,0.382415641897134,"Monday"
"8",8,"Afternoon",3,0.401071849871689,"Tuesday"
"8",8,"Afternoon",4,0.435985271310286,"Wednesday"
"8",8,"Afternoon",5,0.429182245278723,"Thursday"
"8",8,"Afternoon",6,0.508013541975488,"Friday"
"8",8,"Afternoon",7,0.553051195506918,"Saturday"
"8",8,"Midday",2,0.499536604542062,"Monday"
"8",8,"Midday",3,0.536265885943297,"Tuesday"
"8",8,"Midday",4,0.538589086060678,"Wednesday"
"8",8,"Midday",5,0.556839201333528,"Thursday"
"8",8,"Midday",6,0.627058892450842,"Friday"
"8",8,"Midday",7,0.698129733570523,"Saturday"
"8",8,"Morning",2,0.270339967884336,"Monday"
"8",8,"Morning",3,0.271438734222027,"Tuesday"
"8",8,"Morning",4,0.297028299317814,"Wednesday"
"8",8,"Morning",5,0.307305564060256,"Thursday"
"8",8,"Morning",6,0.323523434935581,"Friday"
"8",8,"Morning",7,0.356972226298232,"Saturday"
"8",9,"Afternoon",2,0.333415690011634,"Monday"
"8",9,"Afternoon",3,0.416262634780912,"Tuesday"
"8",9,"Afternoon",4,0.442344150379492,"Wednesday"
"8",9,"Afternoon",5,0.454527827448329,"Thursday"
"8",9,"Afternoon",6,0.509735895252257,"Friday"
"8",9,"Afternoon",7,0.563366502435762,"Saturday"
"8",9,"Midday",2,0.441413094544127,"Monday"
"8",9,"Midday",3,0.540512576309821,"Tuesday"
"8",9,"Midday",4,0.567015354434117,"Wednesday"
"8",9,"Midday",5,0.565655352458211,"Thursday"
"8",9,"Midday",6,0.628045743121323,"Friday"
"8",9,"Midday",7,0.700464576876635,"Saturday"
"8",9,"Morning",2,0.237542473185441,"Monday"
"8",9,"Morning",3,0.279601351103611,"Tuesday"
"8",9,"Morning",4,0.289876972767661,"Wednesday"
"8",9,"Morning",5,0.289560183776382,"Thursday"
"8",9,"Morning",6,0.333598845863356,"Friday"
"8",9,"Morning",7,0.389799320170473,"Saturday"
"8",10,"Afternoon",2,0.439113406782607,"Monday"
"8",10,"Afternoon",3,0.468596973958803,"Tuesday"
"8",10,"Afternoon",4,0.490117249341888,"Wednesday"
"8",10,"Afternoon",5,0.501292496507063,"Thursday"
"8",10,"Afternoon",6,0.54366503499835,"Friday"
"8",10,"Afternoon",7,0.594386310718379,"Saturday"
"8",10,"Midday",2,0.563015007925147,"Monday"
"8",10,"Midday",3,0.577912169858217,"Tuesday"
"8",10,"Midday",4,0.586437665767101,"Wednesday"
"8",10,"Midday",5,0.602255592445628,"Thursday"
"8",10,"Midday",6,0.658616570720824,"Friday"
"8",10,"Midday",7,0.726250790286277,"Saturday"
"8",10,"Morning",2,0.288851099370271,"Monday"
"8",10,"Morning",3,0.296902609944708,"Tuesday"
"8",10,"Morning",4,0.309446884978162,"Wednesday"
"8",10,"Morning",5,0.326265042765909,"Thursday"
"8",10,"Morning",6,0.33772767748755,"Friday"
"8",10,"Morning",7,0.367965454570976,"Saturday"
"8",11,"Afternoon",2,0.36290519752221,"Monday"
"8",11,"Afternoon",3,0.502547224305649,"Tuesday"
"8",11,"Afternoon",4,0.482193225774714,"Wednesday"
"8",11,"Afternoon",5,0.351978207322853,"Thursday"
"8",11,"Afternoon",6,0.568275615525159,"Friday"
"8",11,"Afternoon",7,0.605402722308772,"Saturday"
"8",11,"Midday",2,0.464643643069912,"Monday"
"8",11,"Midday",3,0.616345147143714,"Tuesday"
"8",11,"Midday",4,0.623639520941441,"Wednesday"
"8",11,"Midday",5,0.425653517595355,"Thursday"
"8",11,"Midday",6,0.680497498055738,"Friday"
"8",11,"Midday",7,0.735395455762001,"Saturday"
"8",11,"Morning",2,0.253422320492204,"Monday"
"8",11,"Morning",3,0.338803228494476,"Tuesday"
"8",11,"Morning",4,0.313669384631791,"Wednesday"
"8",11,"Morning",5,0.237376817344175,"Thursday"
"8",11,"Morning",6,0.357302937316822,"Friday"
"8",11,"Morning",7,0.410016746969713,"Saturday"
"8",12,"Afternoon",2,0.582677550416388,"Monday"
"8",12,"Afternoon",3,0.469757137400646,"Tuesday"
"8",12,"Afternoon",4,0.402927684141274,"Wednesday"
"8",12,"Afternoon",5,0.562267686258345,"Thursday"
"8",12,"Afternoon",6,0.594211189994848,"Friday"
"8",12,"Afternoon",7,0.617816882544699,"Saturday"
"8",12,"Midday",2,0.671425112550267,"Monday"
"8",12,"Midday",3,0.667150430099117,"Tuesday"
"8",12,"Midday",4,0.51416320890425,"Wednesday"
"8",12,"Midday",5,0.675821755821426,"Thursday"
"8",12,"Midday",6,0.660355009978165,"Friday"
"8",12,"Midday",7,0.71097855314425,"Saturday"
"8",12,"Morning",2,0.352096241906142,"Monday"
"8",12,"Morning",3,0.35896082999942,"Tuesday"
"8",12,"Morning",4,0.282560731611443,"Wednesday"
"8",12,"Morning",5,0.37041791248747,"Thursday"
"8",12,"Morning",6,0.386620077969358,"Friday"
"8",12,"Morning",7,0.421245171552084,"Saturday"
"1",0,"Afternoon",2,0.235894374060904,"Monday"
"1",0,"Afternoon",3,0.26676869650219,"Tuesday"
"1",0,"Afternoon",4,0.263450229270888,"Wednesday"
"1",0,"Afternoon",5,0.264898490050114,"Thursday"
"1",0,"Afternoon",6,0.264182429702991,"Friday"
"1",0,"Afternoon",7,0.227490840237142,"Saturday"
"1",0,"Midday",2,0.317122610728146,"Monday"
"1",0,"Midday",3,0.384390606712423,"Tuesday"
"1",0,"Midday",4,0.36107258513195,"Wednesday"
"1",0,"Midday",5,0.366788986176221,"Thursday"
"1",0,"Midday",6,0.356408061830549,"Friday"
"1",0,"Midday",7,0.2237953111785,"Saturday"
"1",0,"Morning",2,0.198836542312994,"Monday"
"1",0,"Morning",3,0.252079110447228,"Tuesday"
"1",0,"Morning",4,0.218507188098842,"Wednesday"
"1",0,"Morning",5,0.235845245010908,"Thursday"
"1",0,"Morning",6,0.209256152474048,"Friday"
"1",0,"Morning",7,0.142537656775373,"Saturday"
"2",0,"Afternoon",2,0.055094620395328,"Monday"
"2",0,"Afternoon",3,0.102250393081761,"Tuesday"
"2",0,"Afternoon",4,0.160515555046805,"Wednesday"
"2",0,"Afternoon",5,0.136835603632479,"Thursday"
"2",0,"Afternoon",6,0.221518715659341,"Friday"
"2",0,"Afternoon",7,0.380559689153439,"Saturday"
"2",0,"Midday",2,0.0625904711989618,"Monday"
"2",0,"Midday",3,0.109381759342451,"Tuesday"
"2",0,"Midday",4,0.225645689187356,"Wednesday"
"2",0,"Midday",5,0.132831578144078,"Thursday"
"2",0,"Midday",6,0.172326516076516,"Friday"
"2",0,"Midday",7,0.346603242436576,"Saturday"
"2",0,"Morning",2,0.0485965525273702,"Monday"
"2",0,"Morning",3,0.0647690592659146,"Tuesday"
"2",0,"Morning",4,0.121162113349613,"Wednesday"
"2",0,"Morning",5,0.0779140805182472,"Thursday"
"2",0,"Morning",6,0.100875686813187,"Friday"
"2",0,"Morning",7,0.159519781915615,"Saturday"
"3",0,"Afternoon",2,0.157485535358917,"Monday"
"3",0,"Afternoon",3,0.194111581400414,"Tuesday"
"3",0,"Afternoon",4,0.192979617080271,"Wednesday"
"3",0,"Afternoon",5,0.181575078668102,"Thursday"
"3",0,"Afternoon",6,0.155020502349717,"Friday"
"3",0,"Afternoon",7,0.0400813152448327,"Saturday"
"3",0,"Midday",2,0.295381884886602,"Monday"
"3",0,"Midday",3,0.323262470185463,"Tuesday"
"3",0,"Midday",4,0.312529727755018,"Wednesday"
"3",0,"Midday",5,0.308934664603269,"Thursday"
"3",0,"Midday",6,0.305905325563756,"Friday"
"3",0,"Midday",7,0.0748610280223652,"Saturday"
"3",0,"Morning",2,0.234772741519122,"Monday"
"3",0,"Morning",3,0.297100217684904,"Tuesday"
"3",0,"Morning",4,0.27896934702894,"Wednesday"
"3",0,"Morning",5,0.255389411675749,"Thursday"
"3",0,"Morning",6,0.262799920794107,"Friday"
"3",0,"Morning",7,0.0939525631022724,"Saturday"
"4",0,"Afternoon",2,0.245896253953674,"Monday"
"4",0,"Afternoon",3,0.271257565029109,"Tuesday"
"4",0,"Afternoon",4,0.277647224108485,"Wednesday"
"4",0,"Afternoon",5,0.275320047284036,"Thursday"
"4",0,"Afternoon",6,0.314836154276567,"Friday"
"4",0,"Afternoon",7,0.282657563841689,"Saturday"
"4",0,"Midday",2,0.378060749187382,"Monday"
"4",0,"Midday",3,0.43204841005095,"Tuesday"
"4",0,"Midday",4,0.430217868471382,"Wednesday"
"4",0,"Midday",5,0.418429522585403,"Thursday"
"4",0,"Midday",6,0.490216094344238,"Friday"
"4",0,"Midday",7,0.48246136397024,"Saturday"
"4",0,"Morning",2,0.241465359648415,"Monday"
"4",0,"Morning",3,0.272512764811386,"Tuesday"
"4",0,"Morning",4,0.27595764637647,"Wednesday"
"4",0,"Morning",5,0.260576970626897,"Thursday"
"4",0,"Morning",6,0.322920807277316,"Friday"
"4",0,"Morning",7,0.250317110089669,"Saturday"
"5",0,"Afternoon",2,0.375491458320805,"Monday"
"5",0,"Afternoon",3,0.408116597482332,"Tuesday"
"5",0,"Afternoon",4,0.422213766373279,"Wednesday"
"5",0,"Afternoon",5,0.423416323260073,"Thursday"
"5",0,"Afternoon",6,0.486008388360724,"Friday"
"5",0,"Afternoon",7,0.376794050538899,"Saturday"
"5",0,"Midday",2,0.50452656096524,"Monday"
"5",0,"Midday",3,0.545185709144604,"Tuesday"
"5",0,"Midday",4,0.550958833723257,"Wednesday"
"5",0,"Midday",5,0.548859546156936,"Thursday"
"5",0,"Midday",6,0.618339444692467,"Friday"
"5",0,"Midday",7,0.426175448101959,"Saturday"
"5",0,"Morning",2,0.359447625849243,"Monday"
"5",0,"Morning",3,0.407062255404573,"Tuesday"
"5",0,"Morning",4,0.374469396979699,"Wednesday"
"5",0,"Morning",5,0.381461364617271,"Thursday"
"5",0,"Morning",6,0.425729774143236,"Friday"
"5",0,"Morning",7,0.220963980438568,"Saturday"
"6",0,"Afternoon",2,0.23017378449844,"Monday"
"6",0,"Afternoon",3,0.245699395271919,"Tuesday"
"6",0,"Afternoon",4,0.240450468078519,"Wednesday"
"6",0,"Afternoon",5,0.236919362611624,"Thursday"
"6",0,"Afternoon",6,0.280949775667093,"Friday"
"6",0,"Afternoon",7,0.314102012103815,"Saturday"
"6",0,"Midday",2,0.247661275119548,"Monday"
"6",0,"Midday",3,0.277053408580078,"Tuesday"
"6",0,"Midday",4,0.267098906873315,"Wednesday"
"6",0,"Midday",5,0.265732567276576,"Thursday"
"6",0,"Midday",6,0.324314316210581,"Friday"
"6",0,"Midday",7,0.440478501268072,"Saturday"
"6",0,"Morning",2,0.123061461364255,"Monday"
"6",0,"Morning",3,0.136093217914698,"Tuesday"
"6",0,"Morning",4,0.128034050926063,"Wednesday"
"6",0,"Morning",5,0.128133863109825,"Thursday"
"6",0,"Morning",6,0.164829598922609,"Friday"
"6",0,"Morning",7,0.177893834948199,"Saturday"
"7",0,"Afternoon",2,0.228713125187182,"Monday"
"7",0,"Afternoon",3,0.294758254716981,"Tuesday"
"7",0,"Afternoon",4,0.323599425747863,"Wednesday"
"7",0,"Afternoon",5,0.331854109432234,"Thursday"
"7",0,"Afternoon",6,0.403373826694139,"Friday"
"7",0,"Afternoon",7,0.486468874007936,"Saturday"
"7",0,"Midday",2,0.261766590546072,"Monday"
"7",0,"Midday",3,0.364569450683837,"Tuesday"
"7",0,"Midday",4,0.393813816391941,"Wednesday"
"7",0,"Midday",5,0.380716002747253,"Thursday"
"7",0,"Midday",6,0.419138303825804,"Friday"
"7",0,"Midday",7,0.450346077533578,"Saturday"
"7",0,"Morning",2,0.172102519466906,"Monday"
"7",0,"Morning",3,0.215614143456125,"Tuesday"
"7",0,"Morning",4,0.243122678825804,"Wednesday"
"7",0,"Morning",5,0.219586417633293,"Thursday"
"7",0,"Morning",6,0.24765049475987,"Friday"
"7",0,"Morning",7,0.223527548840049,"Saturday"
"8",0,"Afternoon",2,0.385656473940503,"Monday"
"8",0,"Afternoon",3,0.431740315020842,"Tuesday"
"8",0,"Afternoon",4,0.440204377337053,"Wednesday"
"8",0,"Afternoon",5,0.445020415530843,"Thursday"
"8",0,"Afternoon",6,0.526234910979811,"Friday"
"8",0,"Afternoon",7,0.547586234028195,"Saturday"
"8",0,"Midday",2,0.486202543048331,"Monday"
"8",0,"Midday",3,0.552121600699542,"Tuesday"
"8",0,"Midday",4,0.545391818116926,"Wednesday"
"8",0,"Midday",5,0.541273333415895,"Thursday"
"8",0,"Midday",6,0.631619811480047,"Friday"
"8",0,"Midday",7,0.678361377553714,"Saturday"
"8",0,"Morning",2,0.255600993944115,"Monday"
"8",0,"Morning",3,0.291426131320234,"Tuesday"
"8",0,"Morning",4,0.282438694041883,"Wednesday"
"8",0,"Morning",5,0.285841930375093,"Thursday"
"8",0,"Morning",6,0.329028982564038,"Friday"
"8",0,"Morning",7,0.360603592427586,"Saturday"
"0",1,"Afternoon",2,0.170228736124684,"Monday"
"0",1,"Afternoon",3,0.298130599075474,"Tuesday"
"0",1,"Afternoon",4,0.306827878853406,"Wednesday"
"0",1,"Afternoon",5,0.263535538890799,"Thursday"
"0",1,"Afternoon",6,0.322991153043767,"Friday"
"0",1,"Afternoon",7,0.280241033556767,"Saturday"
"0",1,"Midday",2,0.240114768463924,"Monday"
"0",1,"Midday",3,0.405142189569235,"Tuesday"
"0",1,"Midday",4,0.421106150645778,"Wednesday"
"0",1,"Midday",5,0.386926136810549,"Thursday"
"0",1,"Midday",6,0.427899175914312,"Friday"
"0",1,"Midday",7,0.338424648462868,"Saturday"
"0",1,"Morning",2,0.15471222691515,"Monday"
"0",1,"Morning",3,0.25372917373391,"Tuesday"
"0",1,"Morning",4,0.267328358239062,"Wednesday"
"0",1,"Morning",5,0.255592361733803,"Thursday"
"0",1,"Morning",6,0.270455797376824,"Friday"
"0",1,"Morning",7,0.172468369516774,"Saturday"
"0",2,"Afternoon",2,0.305865181203022,"Monday"
"0",2,"Afternoon",3,0.321497171790467,"Tuesday"
"0",2,"Afternoon",4,0.335404174881291,"Wednesday"
"0",2,"Afternoon",5,0.339946017331351,"Thursday"
"0",2,"Afternoon",6,0.349668769451296,"Friday"
"0",2,"Afternoon",7,0.33088867737521,"Saturday"
"0",2,"Midday",2,0.408146407943481,"Monday"
"0",2,"Midday",3,0.42518786745346,"Tuesday"
"0",2,"Midday",4,0.444868082932344,"Wednesday"
"0",2,"Midday",5,0.452753848048593,"Thursday"
"0",2,"Midday",6,0.474826163577231,"Friday"
"0",2,"Midday",7,0.402217725225885,"Saturday"
"0",2,"Morning",2,0.255462491929151,"Monday"
"0",2,"Morning",3,0.294070004981982,"Tuesday"
"0",2,"Morning",4,0.298227985824936,"Wednesday"
"0",2,"Morning",5,0.291006100935914,"Thursday"
"0",2,"Morning",6,0.309751953877596,"Friday"
"0",2,"Morning",7,0.216552406941699,"Saturday"
"0",3,"Afternoon",2,0.244664174506199,"Monday"
"0",3,"Afternoon",3,0.251116536540311,"Tuesday"
"0",3,"Afternoon",4,0.276499124412543,"Wednesday"
"0",3,"Afternoon",5,0.272689638447298,"Thursday"
"0",3,"Afternoon",6,0.337852930766933,"Friday"
"0",3,"Afternoon",7,0.303376027154111,"Saturday"
"0",3,"Midday",2,0.32215979669226,"Monday"
"0",3,"Midday",3,0.330402854051751,"Tuesday"
"0",3,"Midday",4,0.3368426415215,"Wednesday"
"0",3,"Midday",5,0.337332097273903,"Thursday"
"0",3,"Midday",6,0.442027514098912,"Friday"
"0",3,"Midday",7,0.366230181735867,"Saturday"
"0",3,"Morning",2,0.192202387979144,"Monday"
"0",3,"Morning",3,0.211618310738315,"Tuesday"
"0",3,"Morning",4,0.205259852940334,"Wednesday"
"0",3,"Morning",5,0.205873465384748,"Thursday"
"0",3,"Morning",6,0.267534414703235,"Friday"
"0",3,"Morning",7,0.19487408300684,"Saturday"
"0",4,"Afternoon",2,0.269353611158078,"Monday"
"0",4,"Afternoon",3,0.318778618603158,"Tuesday"
"0",4,"Afternoon",4,0.34395049975965,"Wednesday"
"0",4,"Afternoon",5,0.32729025791808,"Thursday"
"0",4,"Afternoon",6,0.359790965111934,"Friday"
"0",4,"Afternoon",7,0.329832650428653,"Saturday"
"0",4,"Midday",2,0.371520532316647,"Monday"
"0",4,"Midday",3,0.422961112665,"Tuesday"
"0",4,"Midday",4,0.456322114076056,"Wednesday"
"0",4,"Midday",5,0.43750436490191,"Thursday"
"0",4,"Midday",6,0.45787912991509,"Friday"
"0",4,"Midday",7,0.417602649781363,"Saturday"
"0",4,"Morning",2,0.244289494687996,"Monday"
"0",4,"Morning",3,0.285088927475294,"Tuesday"
"0",4,"Morning",4,0.27825015370614,"Wednesday"
"0",4,"Morning",5,0.276283345696825,"Thursday"
"0",4,"Morning",6,0.296817708732236,"Friday"
"0",4,"Morning",7,0.19930601887579,"Saturday"
"0",5,"Afternoon",2,0.20165124023508,"Monday"
"0",5,"Afternoon",3,0.280223903617425,"Tuesday"
"0",5,"Afternoon",4,0.315401430694587,"Wednesday"
"0",5,"Afternoon",5,0.316933730161334,"Thursday"
"0",5,"Afternoon",6,0.347689701385341,"Friday"
"0",5,"Afternoon",7,0.296907125896862,"Saturday"
"0",5,"Midday",2,0.288258941919882,"Monday"
"0",5,"Midday",3,0.389499744905472,"Tuesday"
"0",5,"Midday",4,0.427835284773338,"Wednesday"
"0",5,"Midday",5,0.41524601447523,"Thursday"
"0",5,"Midday",6,0.43167112046149,"Friday"
"0",5,"Midday",7,0.370071045499077,"Saturday"
"0",5,"Morning",2,0.191415466666307,"Monday"
"0",5,"Morning",3,0.262967094577021,"Tuesday"
"0",5,"Morning",4,0.282405556785551,"Wednesday"
"0",5,"Morning",5,0.265569756997574,"Thursday"
"0",5,"Morning",6,0.278638115019332,"Friday"
"0",5,"Morning",7,0.215587589116937,"Saturday"
"0",6,"Afternoon",2,0.274608458557135,"Monday"
"0",6,"Afternoon",3,0.286923228129031,"Tuesday"
"0",6,"Afternoon",4,0.218608669277651,"Wednesday"
"0",6,"Afternoon",5,0.316424774675755,"Thursday"
"0",6,"Afternoon",6,0.320619123946211,"Friday"
"0",6,"Afternoon",7,0.266014281868793,"Saturday"
"0",6,"Midday",2,0.37674238278697,"Monday"
"0",6,"Midday",3,0.383311789313826,"Tuesday"
"0",6,"Midday",4,0.287113757009137,"Wednesday"
"0",6,"Midday",5,0.398921229821212,"Thursday"
"0",6,"Midday",6,0.417676702596785,"Friday"
"0",6,"Midday",7,0.352191817946465,"Saturday"
"0",6,"Morning",2,0.265361241319655,"Monday"
"0",6,"Morning",3,0.270843734889643,"Tuesday"
"0",6,"Morning",4,0.197792521789051,"Wednesday"
"0",6,"Morning",5,0.253720142267686,"Thursday"
"0",6,"Morning",6,0.275712836278899,"Friday"
"0",6,"Morning",7,0.22129809391777,"Saturday"
"0",7,"Afternoon",2,0.275024314115288,"Monday"
"0",7,"Afternoon",3,0.274285275165877,"Tuesday"
"0",7,"Afternoon",4,0.30032804393405,"Wednesday"
"0",7,"Afternoon",5,0.229156890528789,"Thursday"
"0",7,"Afternoon",6,0.320441314108867,"Friday"
"0",7,"Afternoon",7,0.263596259753276,"Saturday"
"0",7,"Midday",2,0.361934913709259,"Monday"
"0",7,"Midday",3,0.35591175456621,"Tuesday"
"0",7,"Midday",4,0.390385285061997,"Wednesday"
"0",7,"Midday",5,0.280636708432189,"Thursday"
"0",7,"Midday",6,0.413534448933982,"Friday"
"0",7,"Midday",7,0.336647262245516,"Saturday"
"0",7,"Morning",2,0.246837127566177,"Monday"
"0",7,"Morning",3,0.251262595171012,"Tuesday"
"0",7,"Morning",4,0.250888317097718,"Wednesday"
"0",7,"Morning",5,0.184070548182902,"Thursday"
"0",7,"Morning",6,0.264841640158243,"Friday"
"0",7,"Morning",7,0.181318580323581,"Saturday"
"0",8,"Afternoon",2,0.259678101852166,"Monday"
"0",8,"Afternoon",3,0.270982908930444,"Tuesday"
"0",8,"Afternoon",4,0.303373883306048,"Wednesday"
"0",8,"Afternoon",5,0.291050392665131,"Thursday"
"0",8,"Afternoon",6,0.308995340846573,"Friday"
"0",8,"Afternoon",7,0.274331623214439,"Saturday"
"0",8,"Midday",2,0.366235250683425,"Monday"
"0",8,"Midday",3,0.384653579428789,"Tuesday"
"0",8,"Midday",4,0.415401649581002,"Wednesday"
"0",8,"Midday",5,0.413407408602569,"Thursday"
"0",8,"Midday",6,0.409050797390807,"Friday"
"0",8,"Midday",7,0.35543238863017,"Saturday"
"0",8,"Morning",2,0.262853123932169,"Monday"
"0",8,"Morning",3,0.259354732611646,"Tuesday"
"0",8,"Morning",4,0.267491690016271,"Wednesday"
"0",8,"Morning",5,0.264543269420459,"Thursday"
"0",8,"Morning",6,0.268412759040935,"Friday"
"0",8,"Morning",7,0.196346238247948,"Saturday"
"0",9,"Afternoon",2,0.228300109273297,"Monday"
"0",9,"Afternoon",3,0.298141642545372,"Tuesday"
"0",9,"Afternoon",4,0.314728052133316,"Wednesday"
"0",9,"Afternoon",5,0.312627371196085,"Thursday"
"0",9,"Afternoon",6,0.327194749801051,"Friday"
"0",9,"Afternoon",7,0.304570234308332,"Saturday"
"0",9,"Midday",2,0.32653668158089,"Monday"
"0",9,"Midday",3,0.422984778581954,"Tuesday"
"0",9,"Midday",4,0.442366563080303,"Wednesday"
"0",9,"Midday",5,0.423554833884699,"Thursday"
"0",9,"Midday",6,0.44761649983221,"Friday"
"0",9,"Midday",7,0.388383830015479,"Saturday"
"0",9,"Morning",2,0.211264739719003,"Monday"
"0",9,"Morning",3,0.303562715650993,"Tuesday"
"0",9,"Morning",4,0.294657042079403,"Wednesday"
"0",9,"Morning",5,0.281053829295872,"Thursday"
"0",9,"Morning",6,0.298444505918465,"Friday"
"0",9,"Morning",7,0.214934502196981,"Saturday"
"0",10,"Afternoon",2,0.276804908326407,"Monday"
"0",10,"Afternoon",3,0.303980827380132,"Tuesday"
"0",10,"Afternoon",4,0.316555815349136,"Wednesday"
"0",10,"Afternoon",5,0.321540780760933,"Thursday"
"0",10,"Afternoon",6,0.334361464268423,"Friday"
"0",10,"Afternoon",7,0.3091220445625,"Saturday"
"0",10,"Midday",2,0.379670627964914,"Monday"
"0",10,"Midday",3,0.424988483566795,"Tuesday"
"0",10,"Midday",4,0.417828185110514,"Wednesday"
"0",10,"Midday",5,0.4233702928308,"Thursday"
"0",10,"Midday",6,0.455220960461591,"Friday"
"0",10,"Midday",7,0.389784843087676,"Saturday"
"0",10,"Morning",2,0.240740350866885,"Monday"
"0",10,"Morning",3,0.285015371445441,"Tuesday"
"0",10,"Morning",4,0.271705358421077,"Wednesday"
"0",10,"Morning",5,0.273354250864085,"Thursday"
"0",10,"Morning",6,0.283708328612698,"Friday"
"0",10,"Morning",7,0.198878243482781,"Saturday"
"0",11,"Afternoon",2,0.226196428945325,"Monday"
"0",11,"Afternoon",3,0.325959805882049,"Tuesday"
"0",11,"Afternoon",4,0.321031094731214,"Wednesday"
"0",11,"Afternoon",5,0.23195372716239,"Thursday"
"0",11,"Afternoon",6,0.333584237464063,"Friday"
"0",11,"Afternoon",7,0.367393487222642,"Saturday"
"0",11,"Midday",2,0.323876087192166,"Monday"
"0",11,"Midday",3,0.459395166079862,"Tuesday"
"0",11,"Midday",4,0.444969374168418,"Wednesday"
"0",11,"Midday",5,0.321376974028462,"Thursday"
"0",11,"Midday",6,0.45000930263755,"Friday"
"0",11,"Midday",7,0.397531962131556,"Saturday"
"0",11,"Morning",2,0.217215050607466,"Monday"
"0",11,"Morning",3,0.304571423503176,"Tuesday"
"0",11,"Morning",4,0.283932237800825,"Wednesday"
"0",11,"Morning",5,0.201377560680308,"Thursday"
"0",11,"Morning",6,0.273257184860495,"Friday"
"0",11,"Morning",7,0.211150409214647,"Saturday"
"0",12,"Afternoon",2,0.34338238294509,"Monday"
"0",12,"Afternoon",3,0.27570192093614,"Tuesday"
"0",12,"Afternoon",4,0.245378068550289,"Wednesday"
"0",12,"Afternoon",5,0.338474948442411,"Thursday"
"0",12,"Afternoon",6,0.364133321126218,"Friday"
"0",12,"Afternoon",7,0.371595191593223,"Saturday"
"0",12,"Midday",2,0.443179793072642,"Monday"
"0",12,"Midday",3,0.409592343059346,"Tuesday"
"0",12,"Midday",4,0.339064200464934,"Wednesday"
"0",12,"Midday",5,0.419409283127067,"Thursday"
"0",12,"Midday",6,0.445496148801503,"Friday"
"0",12,"Midday",7,0.408338419955236,"Saturday"
"0",12,"Morning",2,0.256410409970149,"Monday"
"0",12,"Morning",3,0.253416105257027,"Tuesday"
"0",12,"Morning",4,0.21015467850198,"Wednesday"
"0",12,"Morning",5,0.256561368044054,"Thursday"
"0",12,"Morning",6,0.284578840029557,"Friday"
"0",12,"Morning",7,0.202634914257927,"Saturday"
"0",0,"Afternoon",2,0.256402259294028,"Monday"
"0",0,"Afternoon",3,0.292335226331025,"Tuesday"
"0",0,"Afternoon",4,0.300605002160844,"Wednesday"
"0",0,"Afternoon",5,0.29838398449308,"Thursday"
"0",0,"Afternoon",6,0.335334894148954,"Friday"
"0",0,"Afternoon",7,0.307742114753831,"Saturday"
"0",0,"Midday",2,0.350505498612249,"Monday"
"0",0,"Midday",3,0.401409859177234,"Tuesday"
"0",0,"Midday",4,0.402953231909479,"Wednesday"
"0",0,"Midday",5,0.395125660248191,"Thursday"
"0",0,"Midday",6,0.438930588328358,"Friday"
"0",0,"Midday",7,0.376207950948321,"Saturday"
"0",0,"Morning",2,0.227708876367839,"Monday"
"0",0,"Morning",3,0.269254961004236,"Tuesday"
"0",0,"Morning",4,0.259705819295246,"Wednesday"
"0",0,"Morning",5,0.252509564927595,"Thursday"
"0",0,"Morning",6,0.280316515616501,"Friday"
"0",0,"Morning",7,0.202405127322806,"Saturday"
